town_id,縣市,鄉鎮,人口數,家戶數,1-2月總用電,1-2月家戶用電,3-4月總用電,3-4月家戶用電,5-6月總用電,5-6月家戶用電,7-8月總用電,7-8月家戶用電,9-10月總用電,9-10月家戶用電,11-12月總用電,11-12月家戶用電
6300700,臺北市,萬華區,190855,75235,42417572,563.8010500432,43498792,578.17228683458,45017677,598.36082940121,67512153,897.35034226092,73178532,972.66607297136,48268065,641.56396623912
6301200,臺北市,北投區,252290,91268,56321203,617.09693430337,55556915,608.72282727791,61029818,668.6880177061,87352620,957.10018845598,87583156,959.62611210939,57501443,630.02852040146
6300200,臺北市,信義區,226541,86807,57665976,664.30098955153,57841673,666.32498531224,59264337,682.71380188234,85386667,983.63803610308,95057243,1095.0412178741,62587765,720.99905537572
6300600,臺北市,大同區,126640,48508,28297423,583.35579698194,31215705,643.5166364311,31324083,645.75086583656,46779247,964.36148676507,53295713,1098.6994516368,35780086,737.61206398945
6300500,臺北市,中正區,161449,63143,42232268,668.83531032735,41329644,654.54039244255,44652107,707.15846570483,63110489,999.48512107439,65732661,1041.0126379805,45392436,718.88310659931
6300800,臺北市,文山區,266442,99098,60834099,613.87817110335,62620403,631.90380229672,61396972,619.55813437204,85402324,861.79664574462,92300129,931.40254091909,63352404,639.2904397667
6300100,臺北市,松山區,209948,78741,51660329,656.07915825301,51303751,651.55066610787,55849456,709.28050189863,81189709,1031.0982715485,84382947,1071.651960224,55598738,706.09641736833
6300300,臺北市,大安區,313846,118069,87933840,744.76653482286,85454884,723.77071034734,91497269,774.94743751535,134252990,1137.0723051775,138582224,1173.7392880434,90276877,764.61117651543
6301100,臺北市,士林區,287072,102534,75335251,734.73434177931,77639142,757.20387383697,76964143,750.62070142587,110885737,1081.453342306,122948192,1199.0968069128,83756959,816.87010162483
6300900,臺北市,南港區,116131,42923,24634752,573.92894252499,26301751,612.76590639051,24968252,581.69866971088,35298095,822.35852573212,41021346,955.69615357734,27647909,644.12806653775
6300400,臺北市,中山區,224102,93960,67782317,721.39545551298,72049017,766.80520434227,73772933,785.15254363559,109458557,1164.9484567901,122107233,1299.5661238825,81396533,866.28919753086
6301000,臺北市,內湖區,275652,99593,66559141,668.31143755083,66560358,668.32365728515,66847040,671.20219292521,97314161,977.11848222265,103075874,1034.9710722641,69103872,693.86274135732
6500800,新北市,鶯歌區,87683,27986,20239778,723.21081969556,21396019,764.52579861359,20721042,740.40741799471,27207818,972.19388265561,30522027,1090.617701708,22020613,786.84388622883
6501300,新北市,土城區,239156,83316,53325608,640.04042440828,54810060,657.85755437131,56816495,681.93978347496,82127372,985.73349656729,86832489,1042.2066469826,57798394,693.72502280474
6502100,新北市,三芝區,23319,8946,7264634,812.05387882853,7110510,794.825620389,6975041,779.68265146434,8493983,949.47272524033,8809556,984.74804381847,6831652,763.65437066846
6502700,新北市,金山區,22447,6808,4908941,721.05478848414,5389295,791.61207403055,5009508,735.82667450059,6510592,956.31492361927,7495744,1101.0199764982,5357395,786.92641010576
6501200,新北市,瑞芳區,42031,15930,9978342,626.3868173258,9980063,626.4948524796,9775389,613.64651600753,12608832,791.51487758945,13197778,828.48575015694,9700374,608.93747645951
6501600,新北市,泰山區,77057,26554,19466252,733.08172026813,20573146,774.76636288318,19807534,745.93409655796,27714011,1043.684981547,34193392,1287.6927016645,23643040,890.37583791519
6500500,新北市,新莊區,404089,139207,94660969,680.00150136128,95461968,685.75551516806,102600169,737.03311615077,152389761,1094.6989806547,163493085,1174.4602282931,105507503,757.91808601579
6502800,新北市,萬里區,22204,7140,4735166,663.18851540616,4673294,654.52296918768,4574960,640.75070028011,5807842,813.42324929972,6398205,896.10714285714,4769378,667.98011204482
6501900,新北市,石碇區,7887,3340,2221369,665.08053892216,1982570,593.58383233533,2046957,612.86137724551,2236236,669.53173652695,2254332,674.9497005988,2000105,598.83383233533
6502200,新北市,石門區,12841,4161,2521750,606.04422013939,2306605,554.3391011776,2505794,602.20956500841,3194541,767.73395818313,3052292,733.54770487863,2367817,569.04998798366
6502600,新北市,貢寮區,13538,4438,3058543,689.17147363677,3347320,754.24064894096,3216171,724.68927444795,4053263,913.30847228481,4391368,989.49256421812,3268269,736.42834610185
6502900,新北市,烏來區,5927,1748,1236304,707.26773455378,1339276,766.176201373,1215281,695.24084668192,1289413,737.6504576659,1403280,802.79176201373,1218540,697.10526315789
6501400,新北市,蘆洲區,198373,66457,47076175,708.37045006546,49243719,740.98618655672,50250590,756.13690055224,74828680,1125.9713799901,87182029,1311.8562228208,57395026,863.64154265164
6502500,新北市,雙溪區,9555,3806,2121397,557.38229111929,1995360,524.26694692591,2027686,532.76037834997,2445349,642.49842354178,2452108,644.27430373095,2028858,533.0683131897
6500400,新北市,永和區,232386,89972,59420820,660.4368025608,60986422,677.83779398035,61920994,688.22515893834,88667303,985.4988551994,99317004,1103.8656915485,66180023,735.56243053394
6502400,新北市,平溪區,5197,2392,1061258,443.66973244147,987468,412.82107023411,1006661,420.84489966555,1111615,464.72198996656,1189728,497.3779264214,1004312,419.86287625418
6501500,新北市,五股區,80518,27777,20104941,723.79814234799,20399594,734.40594736653,21573488,776.66731468481,31978923,1151.273463657,31640068,1139.0743420816,20711829,745.64672210822
6502300,新北市,八里區,35423,12671,10714213,845.56964722595,10918193,861.66782416542,10965012,865.36279693789,15279154,1205.8364769947,16456404,1298.7454818089,11287492,890.81303764502
6502000,新北市,坪林區,6533,2457,1229502,500.40781440781,1284250,522.69027269027,1413991,575.49491249491,1470862,598.64143264143,1524701,620.55392755393,1390572,565.96336996337
6500200,新北市,三重區,390421,142515,99512152,698.25739045013,100574788,705.71370031225,110606886,776.10697821282,166645132,1169.3164368663,171782660,1205.3654703014,111225503,780.44769322527
6500900,新北市,三峽區,105629,36823,26649601,723.72161420851,28369868,770.43880183581,27363159,743.09966596964,35451892,962.7649023708,38553131,1046.985063683,28519040,774.48985688293
6501800,新北市,深坑區,23531,9085,7481117,823.45811777655,7971097,877.39097413319,7268687,800.07561915245,9176987,1010.1251513484,10386410,1143.2482113374,7863440,865.54100165107
6500100,新北市,板橋區,555335,198015,131041106,661.77363331061,136058431,687.11173900967,139974164,706.88667020175,205295181,1036.7658056208,231698893,1170.1077847638,153044220,772.8920536323
6500300,新北市,中和區,414939,157474,108975536,692.02240369839,107069982,679.92165055819,114236110,725.42838817837,165638875,1051.8490353963,169058031,1073.561546668,112512946,714.48585798291
6500600,新北市,新店區,296581,117904,86351207,732.38572906772,89299633,757.39273476727,85272775,723.23903345094,113392898,961.739194599,125265157,1062.4334797802,89257522,757.03557131225
6501100,新北市,汐止區,190679,80361,63205256,786.51654409477,63903343,795.20343201304,61273701,762.48056893269,84223193,1048.0605393163,88269412,1098.4110700464,61830619,769.41077139408
6501000,新北市,淡水區,146756,59866,53703410,897.06026793171,56868896,949.93645808973,53727391,897.46084588915,70038302,1169.9178498647,78011126,1303.0956803528,57271274,956.65776901747
6501700,新北市,林口區,86628,32503,27382391,842.45734239916,31208647,960.17742977571,27256709,838.5905608713,31814425,978.81503245854,35057605,1078.5959757561,27566616,848.12528074332
6500700,新北市,樹林區,179788,62139,39704335,638.9599929191,41752297,671.91774891775,42478562,683.60549735271,60139361,967.81990376414,64919125,1044.7404206698,44234282,711.86021661115
6600100,臺中市,中　區,21610,8224,6111568,743.13813229572,6418238,780.42777237354,7232291,879.41281614786,9553846,1161.7030642023,10178789,1237.6932149805,7758946,943.45160505837
6601000,臺中市,東勢區,52780,17067,11461391,671.55276264135,12136397,711.10312298588,11826829,692.96472725142,12615518,739.17607077987,13033157,763.64662799555,11517261,674.82633151696
6600500,臺中市,北　區,147679,56515,42908229,759.23611430594,42828506,757.82546226665,49683107,879.11363354862,63909709,1130.8450676811,67789539,1199.4963991861,49544488,876.66085110148
6601600,臺中市,神岡區,63921,17895,15088477,843.16719754121,15442942,862.9752444817,15320906,856.15568594579,18265903,1020.7266275496,20125955,1124.6691813356,15425282,861.98837664152
6602100,臺中市,外埔區,32005,8976,7922638,882.64683600713,7296186,812.85494652406,7932540,883.75,9573112,1066.5231729055,9670814,1077.4079768271,7222714,804.66956327986
6601900,臺中市,新社區,25495,7380,6273022,850.00298102981,6269577,849.53617886179,6677086,904.75420054201,6666072,903.26178861789,6970128,944.46178861789,6050082,819.79430894309
6602000,臺中市,石岡區,15792,4862,3230009,664.33751542575,3356060,690.26326614562,3262797,671.08124228712,3585368,737.42657342657,3819417,785.5649938297,3412307,701.83196215549
6602600,臺中市,霧峰區,63904,18908,17611288,931.41992807277,17434956,922.09414004654,19770034,1045.5909667865,24606471,1301.3788343558,25003721,1322.3884599111,19713395,1042.5954622382
6601200,臺中市,清水區,85629,25281,18907982,747.91274079348,21335814,843.9466002136,20311886,803.44472133223,26382287,1043.5618448637,30166573,1193.2507812191,21751421,860.38610023338
6601100,臺中市,大甲區,78118,21870,17995325,822.83150434385,18788362,859.09291266575,18439521,843.14224965706,24499306,1120.2243255601,27154040,1241.6113397348,19639228,897.99853680841
6602900,臺中市,和平區,10683,4419,3434861,777.29373161349,3545833,802.40620049785,3530005,798.82439465943,3612652,817.52704231727,3718767,841.54039375424,3649548,825.87644263408
6602200,臺中市,大安區,20081,5317,4594978,864.20500282114,4716601,887.0793680647,4691615,882.38010156103,5920221,1113.4513823585,6425530,1208.4878690991,4528224,851.65017867218
6601400,臺中市,梧棲區,55544,16234,14706638,905.91585561168,15462881,952.49975360355,14918758,918.98225945546,19816588,1220.6842429469,22257564,1371.0461993347,16059546,989.25378834545
6601500,臺中市,后里區,54033,14976,13089436,874.02751068376,12801010,854.76829594017,12829452,856.66746794872,14995457,1001.2992120726,16035864,1070.7708333333,12517868,835.86191239316
6600700,臺中市,南屯區,155768,54515,43895105,805.19315784646,42735646,783.92453453178,48705910,893.44052095753,66620789,1222.0634504265,69837425,1281.0680546639,49014536,899.10182518573
6602700,臺中市,太平區,174284,55591,41731817,750.69376337896,41544816,747.3298915292,45941867,826.42634599126,58020819,1043.70885575,60530330,1088.8512529006,47206116,849.16831861273
6602500,臺中市,龍井區,74682,21009,20385823,970.33761721167,21257715,1011.8384977867,20741955,987.28901899186,25545791,1215.9451187586,28305290,1347.2935408634,22094958,1051.6901328002
6602300,臺中市,烏日區,69224,21003,15504437,738.20106651431,16819643,800.82097795553,16727942,796.45488739704,22389645,1066.0212826739,25215973,1200.5891063181,19523534,929.55930105223
6602400,臺中市,大肚區,55739,16052,13133533,818.18670570645,13507381,841.47651383005,13523108,842.45626713182,16518083,1029.0358210815,18631454,1160.6936207326,14473897,901.68807625218
6601800,臺中市,大雅區,90591,26724,22209443,831.0673177668,22629142,846.77226463104,22529378,843.03914084718,28510911,1066.8654018859,30793908,1152.2941176471,23374334,874.65701242329
6600200,臺中市,東　區,73960,26112,18322009,701.67007506127,18756864,718.32352941176,20224542,774.53056066176,27743046,1062.4634650735,29755091,1139.5178844975,22486679,861.16264552696
6600400,臺中市,西　區,117210,43771,33163349,757.65573096342,34548420,789.29930776085,35200626,804.19972127664,51008567,1165.3507345046,58339385,1332.8318978319,44889471,1025.5527860912
6601300,臺中市,沙鹿區,83238,24720,25502395,1031.6502831715,25123677,1016.3299757282,26784008,1083.4954692557,33298370,1347.0214401294,36338805,1470.0163834951,26762950,1082.6436084142
6601700,臺中市,潭子區,101781,33080,23106661,698.50849455865,24871752,751.86674727932,24601898,743.70912938331,31085137,939.6957980653,35217306,1064.6102176542,28590499,864.28352478839
6600900,臺中市,豐原區,165609,50424,37434988,742.40417261621,39249567,778.39058781533,38667073,766.83866809456,47172739,935.52155719499,51097912,1013.3649056005,41634987,825.69782246549
6600800,臺中市,北屯區,249742,85693,64008236,746.94824548096,64041540,747.33688866068,71679922,836.47348091443,92835184,1083.3461776341,95892527,1119.0240393031,70090496,817.92557151693
6600300,臺中市,南　區,115032,43024,31986129,743.44851710673,31753643,738.04488192637,33400905,776.33193101525,47430210,1102.4128393455,52325522,1216.19379881,41001613,952.99398010413
6602800,臺中市,大里區,200588,63156,47285832,748.71480144404,47415464,750.76736968776,50860466,805.3148711128,68992848,1092.419532586,75950731,1202.5893185129,59665815,944.73707961239
6600600,臺中市,西屯區,209672,75056,66247717,882.64385259007,68113221,907.49868098486,72920504,971.54796418674,96757483,1289.1372175442,105646448,1407.5683223193,78457364,1045.3176827968
6703300,臺南市,南　區,126129,43770,16075633,367.27514279187,16005281,365.6678318483,28943069,661.25357550834,44369256,1013.6910212474,48462609,1107.2106237149,36951566,844.22129312314
6700600,臺南市,東山區,22771,8234,3927076,476.93417537042,4302217,522.49417051251,4451920,540.67524896769,5502441,668.25856205975,6019236,731.0221034734,5034737,611.45700752975
6700500,臺南市,後壁區,25569,8840,5443160,615.74208144796,5573885,630.52997737557,6111784,691.37828054299,7672053,867.87929864253,8072275,913.15328054299,6103979,690.49536199095
6702800,臺南市,歸仁區,66104,20874,16493275,790.13485675961,17488600,837.81738047332,17984643,861.58105777522,22759666,1090.3356328447,23922775,1146.0560984957,19986957,957.50488646163
6702300,臺南市,玉井區,15223,5097,3213022,630.37512262115,3430605,673.063566804,3839644,753.31449872474,4569311,896.47066902099,4729982,927.99332940946,3939227,772.85206984501
6702400,臺南市,楠西區,10445,3556,2280396,641.28121484814,2297046,645.96344206974,2505425,704.56271091114,2888923,812.40804274466,2991369,841.21737907762,2571211,723.06271091114
6700700,臺南市,麻豆區,45609,15163,11072834,730.25351183803,11976927,789.87845413177,12717734,838.7346831102,16184902,1067.3944470092,17457183,1151.3013915452,13887977,915.91222053683
6701200,臺南市,佳里區,59155,19566,13524894,691.24471021159,14943844,763.76592047429,15627122,798.68762138403,20170603,1030.9006950833,21946002,1121.6396810794,17129244,875.45967494634
6702500,臺南市,南化區,8840,2821,1634707,579.47784473591,1793133,635.63736263736,1904573,675.14108472173,2150480,762.31123714995,2251588,798.15242821694,1902914,674.55299539171
6702200,臺南市,山上區,7757,2723,1416019,520.02166727874,1581794,580.90121189864,1729582,635.17517443996,2124283,780.12596401028,2201854,808.61329416085,1675566,615.3382298935
6702600,臺南市,左鎮區,5359,1982,1048150,528.83451059536,1047975,528.74621594349,1181355,596.04187689203,1344020,678.11301715439,1386545,699.56861755802,1148027,579.22653884965
6701400,臺南市,西港區,25069,7864,5957855,757.61126653103,6003993,763.47825534079,7170851,911.85796032553,8329542,1059.1991353001,8574492,1090.3474059003,6290367,799.89407426246
6701000,臺南市,官田區,21965,7639,5197653,680.41013221626,5017890,656.87786359471,5752324,753.02055242833,7084793,927.45032072261,7235531,947.18300824715,5555177,727.21259327137
6701500,臺南市,七股區,24649,8054,4260380,528.97690588527,4344985,539.48162403775,4734873,587.89086168364,5807985,721.13049416439,6317756,784.42463372237,4767846,591.98485224733
6701600,臺南市,將軍區,21261,7417,3839107,517.60914116219,3975501,535.99851692059,4821842,650.10678171768,5344439,720.56613185924,5598062,754.76095456384,4014003,541.18956451395
6700200,臺南市,鹽水區,26891,10003,6192692,619.08347495751,6049680,604.78656403079,6877837,687.57742677197,8746980,874.43566929921,9399847,939.70278916325,6841063,683.9011296611
6701700,臺南市,北門區,12254,4398,1941113,441.36266484766,2106553,478.97976352888,2250071,511.61232378354,2832699,644.08799454297,3282817,746.43406093679,2546859,579.09481582538
6700800,臺南市,下營區,25803,9117,5763861,632.21026653504,5417146,594.18076121531,6044669,663.01074914994,7769031,852.14774596907,8307916,911.25545683887,6309100,692.01491718767
6703000,臺南市,龍崎區,4311,1591,757132,475.88434946574,779660,490.04399748586,892012,560.66121935889,931920,585.74481458202,952597,598.74104336895,787731,495.11690760528
6701300,臺南市,學甲區,27583,9569,5885724,615.08245375692,5712263,596.955063225,6495005,678.75483331592,8252613,862.43212456892,8907899,930.91221653255,6513958,680.73550005225
6701800,臺南市,新化區,44023,13831,10606753,766.88258260429,10199374,737.42853011351,11751906,849.67869279156,14361600,1038.3630973899,14839943,1072.9479430265,11241414,812.76943098836
6700300,臺南市,白河區,30947,10965,6078245,554.33150934793,6955564,634.3423620611,7308095,666.49293205654,8841213,806.3121751026,9347628,852.49685362517,7658121,698.41504787962
6701100,臺南市,大內區,10674,4033,2105923,522.17282420035,2082932,516.47210513266,2413116,598.34267294818,2659582,659.45499628068,2767619,686.24324324324,2160175,535.62484502851
6700400,臺南市,柳營區,22443,7802,4867578,623.88849013074,4897524,627.72673673417,5532441,709.10548577288,6875461,881.24339912843,7164361,918.27236605998,5298953,679.17880030761
6700100,臺南市,新營區,78473,27563,18205629,660.50970503936,18571029,673.76660740848,19948573,723.74462141276,26432119,958.97104814425,28857710,1046.9727533287,21429502,777.47349707942
6702900,臺南市,關廟區,35593,10752,8747459,813.56575520833,8583751,798.33993675595,9424185,876.50530133929,11078965,1030.4096912202,11508134,1070.3249627976,9127116,848.87611607143
6700900,臺南市,六甲區,23509,7684,4966644,646.36179073399,4914066,639.51926080167,5356892,697.14888079125,7006765,911.86426340448,7703493,1002.5368297762,5679089,739.07977615825
6703600,臺南市,安平區,63593,23654,18088722,764.72148473831,18922728,799.98004565824,19444577,822.04181111017,26545282,1122.232265156,30491116,1289.0469265241,23858777,1008.6571827175
6702100,臺南市,安定區,30263,9457,7622986,806.0680977054,7358995,778.15321983716,8675873,917.40224172571,10206565,1079.2603362589,10749678,1136.690070847,7706524,814.90155440415
6702700,臺南市,仁德區,70232,25075,19607327,781.94723828514,20253968,807.73551345962,21573638,860.36442671984,27061743,1079.2320239282,28869839,1151.3395413759,24504194,977.23605184447
6702000,臺南市,新市區,35035,10968,10141306,924.62673231218,11043104,1006.8475565281,11077108,1009.9478482859,14405352,1313.398249453,15224510,1388.0844274252,12467569,1136.7221918308
6701900,臺南市,善化區,43995,14977,12046280,804.31862188689,12100597,807.94531615143,13580419,906.75161914936,16388233,1094.2266809107,17073135,1139.9569339654,13225423,883.04887494158
6703200,臺南市,東　區,193782,71375,51921969,727.4531558669,49838725,698.26584938704,58381270,817.95124343257,74470814,1043.3739264448,79347857,1111.7037758319,58117467,814.25522942207
6703500,臺南市,安南區,179987,55867,43501918,778.66930388244,45214062,809.31608999946,47608896,852.18279127213,60831526,1088.8633003383,66739980,1194.6225857841,51592091,923.48060572431
6703400,臺南市,北　區,132098,48697,37125491,762.37737437624,37037737,760.57533318274,41665316,855.60334312175,53119608,1090.8189005483,57569073,1182.1893135101,42625165,875.31398238084
6703100,臺南市,永康區,220825,77034,60874974,790.2351429239,63604178,825.6637069346,68460931,888.71058234027,88406929,1147.6351870603,95414624,1238.6040449672,75150016,975.54347431004
6703700,臺南市,中西區,78741,30271,39160393,1293.660368009,39962644,1320.1626639358,33134821,1094.6060916389,35340985,1167.486538271,38191538,1261.654322619,29599135,977.80499487959
6401300,高雄市,林園區,70439,24616,16130764,655.29590510237,16447303,668.15498050049,18351980,745.53054923627,22586774,917.56475463113,23959567,973.3330760481,19917602,809.13235294118
6402300,高雄市,阿蓮區,30225,9233,7215416,781.4812087079,7216309,781.57792700097,7602574,823.41319181198,9597565,1039.4849994585,10311035,1116.7589082638,8452417,915.45727282573
6403100,高雄市,美濃區,42658,14316,8513320,594.67169600447,9390911,655.97310701313,9737724,680.19865884325,11753767,821.02312098351,11995776,837.92791282481,10495093,733.10233305393
6400800,高雄市,苓雅區,181717,72018,44810188,622.20817017968,43981211,610.69747840818,57527817,798.79775889361,69609711,966.55990169124,72422062,1005.6105695798,51883323,720.4216029326
6402900,高雄市,梓官區,36559,12145,9403556,774.27385755455,8624779,710.15059695348,10391991,855.66002470152,12519979,1030.8751749691,13314427,1096.2887608069,9667384,795.99703581721
6401500,高雄市,大樹區,43609,13111,10353393,789.67225993441,10076357,768.54221645946,11709002,893.06704294104,13837703,1055.4269697201,14424763,1100.2031118908,11811669,900.89764320037
6400100,高雄市,鹽埕區,26723,11053,6880885,622.53551072107,7619306,689.34280285895,8862717,801.83814349046,10768495,974.25992943092,11591233,1048.6956482403,8519271,770.76549353117
6400700,高雄市,前金區,28446,12506,9178825,733.95370222293,9602908,767.86406524868,11553111,923.80545338238,14492525,1158.8457540381,15759494,1260.15464577,11757017,940.11010714857
6401000,高雄市,旗津區,29781,10993,5866672,533.67342854544,5489355,499.35004093514,7230861,657.76958064223,8230372,748.69207677613,8922687,811.66988083326,6268104,570.190484854
6400600,高雄市,新興區,54345,22798,15498517,679.8191508027,16684682,731.84849548206,20351717,892.69747346258,25506850,1118.8196333012,27214650,1193.7297131327,20692097,907.62773050268
6402200,高雄市,田寮區,8012,3520,1693198,481.02215909091,1608350,456.91761363636,1845637,524.32869318182,2062486,585.93352272727,2131993,605.67982954545,1765328,501.51363636364
6403500,高雄市,內門區,15662,5052,3359871,665.05760095012,3242683,641.86124307205,3750941,742.46654790182,4023942,796.50475059382,4153052,822.06096595408,3328991,658.94517022961
6403700,高雄市,桃源區,4700,1367,600122,439.00658376006,582279,425.95391367959,629926,460.8090709583,609317,445.73299195318,664699,486.24652523775,653733,478.22457937089
6403000,高雄市,旗山區,39423,13852,10205242,736.73419000866,10061388,726.34911926076,11628945,839.51378862258,13174389,951.08208200982,13604729,982.14907594571,11580216,835.99595726249
6402600,高雄市,茄萣區,31008,10189,7210031,707.6289135342,6811316,668.49700657572,7819440,767.43939542644,9788370,960.68014525469,10612975,1041.6110511336,7984108,783.60074590244
6402100,高雄市,燕巢區,30941,10147,8348044,822.7105548438,8334571,821.38277323347,9109893,897.79176111166,10580504,1042.7223809993,11303840,1114.0080812063,9245054,911.11205282349
6403300,高雄市,甲仙區,6981,2493,1235021,495.39550742078,1368791,549.0537505014,1376896,552.30485359005,1537424,616.69634977938,1546104,620.17809867629,1460520,585.84837545126
6402700,高雄市,永安區,14106,5805,2615472,450.55503875969,2762961,475.96227390181,2701484,465.37192075797,3609077,621.71869078381,4025102,693.38535745047,3567326,614.52644272179
6401900,高雄市,岡山區,97417,33621,24424970,726.47958121412,25724623,765.13557003064,26835006,798.16204158115,35644061,1060.1725409714,38785388,1153.606020047,31278735,930.3332738467
6403600,高雄市,茂林區,1834,574,292949,510.36411149826,267243,465.58013937282,280008,487.81881533101,306829,534.54529616725,315386,549.45296167247,312691,544.75783972125
6402800,高雄市,彌陀區,20217,6677,4329649,648.44226449004,4439624,664.91298487345,4523485,677.47266736558,5923340,887.12595477011,6489792,971.96225849933,5553025,831.66466976187
6400900,高雄市,前鎮區,197693,76930,45895117,596.58282854543,44527045,578.79949304563,58462150,759.93955544001,69633460,905.15351618354,73721050,958.28740413363,53198764,691.52169504745
6401600,高雄市,大社區,33296,11905,9771265,820.76984460311,10027513,842.29424611508,10433903,876.43032339353,13801806,1159.3285174297,14607000,1226.9634607308,12817774,1076.6714825703
6403200,高雄市,六龜區,14421,5758,2801280,486.50225772838,2933067,509.38989232372,3045368,528.893365752,3339392,579.95692948941,3412781,592.70250086836,3216119,558.54793331018
6402400,高雄市,路竹區,53443,16175,12604911,779.28352395672,13289164,821.58664605873,13598583,840.71610510046,17171902,1061.6322720247,19015075,1175.5842349304,15788321,976.09403400309
6401400,高雄市,大寮區,109157,38965,29564653,758.74895418966,29923684,767.96314641345,33003026,846.99155652509,40709402,1044.7684332093,42798860,1098.392403439,35830749,919.56240215578
6403800,高雄市,那瑪夏區,3252,882,407851,462.41609977324,404193,458.26870748299,427895,485.14172335601,458921,520.31859410431,444026,503.43083900227,460652,522.28117913832
6402500,高雄市,湖內區,28806,9770,8238427,843.23715455476,8021066,820.98935516888,9207341,942.40951893552,10935419,1119.2854657114,11793571,1207.1208802456,9303433,952.24493346981
6402000,高雄市,橋頭區,36809,12884,9535005,740.06558522198,9092393,705.71196833282,10779118,836.62822104936,13048393,1012.759469109,13747246,1067.0013970817,10471890,812.78252095622
6403400,高雄市,杉林區,12136,4593,2282809,497.01915959068,2306094,502.08883082952,2445863,532.51970389723,2778869,605.02264315262,2829612,616.07054212933,2508576,546.17374265186
6401700,高雄市,仁武區,74867,27178,21733006,799.65435278534,22971695,845.23125321952,23642042,869.8963131945,31548121,1160.7962690411,34243618,1259.9756420634,29022561,1067.8696372066
6401800,高雄市,鳥松區,43191,16901,12682073,750.37411987456,13078571,773.83415182534,12991827,768.70167445713,17944811,1061.7603100408,19820277,1172.7280634282,17281762,1022.5289627833
6401200,高雄市,鳳山區,345346,129337,83702600,647.16670403674,82998989,641.72656703032,95933921,741.73609253346,126431908,977.53858524629,134594112,1040.6466208432,110015327,850.6098564216
6400400,高雄市,楠梓區,173969,62664,39378649,628.40943763564,39144832,624.6781565173,44489877,709.97505744925,57554686,918.46492403932,62011344,989.58483339717,49511559,790.11169092302
6401100,高雄市,小港區,154772,64255,32778137,510.12585790989,31844029,495.58834331959,37051231,576.62798225819,47888276,745.28481830208,51110614,795.43403626177,41678554,648.64296941872
6400200,高雄市,鼓山區,132868,53167,31906694,600.12214343484,31393860,590.47642334531,34232334,643.86431433032,48332970,909.07837568416,53081528,998.39238625463,44400150,835.10730340249
6400500,高雄市,三民區,352159,132685,83989203,632.99697026793,84469235,636.6148019746,93375154,703.73556920526,129563569,976.47487658741,137941171,1039.6139051136,114840479,865.51214530655
6400300,高雄市,左營區,193482,74877,44416672,593.19513335203,44106903,589.05809527625,46648142,622.99694165097,67493341,901.38949210038,74980872,1001.3872350655,63915381,853.60499218719
1000203,宜蘭縣,蘇澳鎮,42417,13693,9545241,697.08909661871,9391135,685.83473307529,9895649,722.67939823267,13214735,965.07229971518,14144442,1032.9688161835,9792560,715.15080698167
1000212,宜蘭縣,南澳鄉,5924,1836,889903,484.69662309368,922652,502.53376906318,980920,534.27015250545,1301928,709.11111111111,1462126,796.36492374728,1108753,603.89596949891
1000210,宜蘭縣,三星鄉,21203,7629,5105412,669.21116791192,4853177,636.14851225587,5292942,693.7923712151,6756924,885.68934329532,6666713,873.86459562197,4902338,642.59247607812
1000204,宜蘭縣,頭城鎮,30556,9824,7825678,796.58774429967,7562451,769.79346498371,8264910,841.29784201954,10420337,1060.7020561889,11004778,1120.1932003257,7841914,798.24043159609
1000211,宜蘭縣,大同鄉,5931,1827,1006192,550.73453749316,1039286,568.84838533114,1017613,556.98576902025,1090698,596.98850574713,1241557,679.56048166393,1021842,559.30049261084
1000206,宜蘭縣,壯圍鄉,24674,8187,5148255,628.83290582631,5356333,654.24856479785,5295325,646.79675094662,6911616,844.21839501649,7970513,973.55722486869,5570484,680.4060095273
1000209,宜蘭縣,五結鄉,38772,13222,9260182,700.36166994403,9223656,697.59915292694,9372361,708.8459385872,12943421,978.93064589321,13850155,1047.5083194676,9694020,733.17349871426
1000205,宜蘭縣,礁溪鄉,35924,12577,9882152,785.7320505685,9488671,754.44629084837,9963601,792.20807823805,13128987,1043.8886061859,13825679,1099.2827383319,10157878,807.65508467838
1000207,宜蘭縣,員山鄉,32304,10956,7088331,646.98165388828,7822170,713.96221248631,7494288,684.03504928806,9599567,876.19267981015,11165736,1019.143483023,8200509,748.4947973713
1000201,宜蘭縣,宜蘭市,95521,33628,24679246,733.8897942191,26137393,777.25089211371,25174918,748.62965385988,33946147,1009.4607767337,37170228,1105.3356726537,26119761,776.72656714643
1000202,宜蘭縣,羅東鎮,72860,25239,17318681,686.18728951226,18356840,727.32041681525,17967017,711.87515353223,24633660,976.01569000357,29244330,1158.6960656127,19814229,785.0639486509
1000208,宜蘭縣,冬山鄉,52975,17738,12285918,692.63265306122,13111677,739.18575938663,12712050,716.6563310407,17644540,994.73108580449,19011514,1071.7958056151,13039258,735.10305558688
1000313,桃園縣,復興區,10684,3697,2060226,557.26967811739,2134139,577.26237489857,2095697,566.86421422775,2317088,626.74817419529,2371760,641.53638084934,2099351,567.85258317555
1000303,桃園縣,大溪區,91979,29582,25239040,853.18910148063,27455301,928.10834291123,25437618,859.90189980393,29821510,1008.0964775877,32636827,1103.2664120073,25300577,855.26931918058
1000312,桃園縣,觀音區,61676,19607,16147215,823.54337736523,17191993,876.82934666191,16481739,840.60483500791,21680159,1105.7356556332,23188179,1182.6479828633,16584947,845.86866935278
1000311,桃園縣,新屋區,48652,15051,12066523,801.70905587669,12820382,851.79602684207,12370177,821.88406085974,15674874,1041.4506677297,17840655,1185.3468208092,12967868,861.59510995947
1000304,桃園縣,楊梅區,152441,50043,40832609,815.95046260216,43935771,877.96037407829,40384499,806.99596347141,48848486,976.13024798673,53892264,1076.9191295486,40622046,811.74282117379
1000309,桃園縣,龍潭區,114958,37362,32696256,875.12060382207,36311203,971.87524757775,32668101,874.36703067288,36883319,987.18802526631,39610957,1060.1936994808,31970943,855.70748353943
1000310,桃園縣,平鎮區,208561,67998,53731381,790.19060854731,59287055,871.89409982647,55040443,809.44208653196,65495147,963.19225565458,75084577,1104.2174328657,56604163,832.43864525427
1000301,桃園縣,桃園區,410113,147001,114757879,780.66053292154,120562498,820.14746838457,118123317,803.5545132346,165201705,1123.8134774593,174787253,1189.0208433956,121016632,823.23679430752
1000302,桃園縣,中壢區,372429,129975,112561733,866.02602808232,119117181,916.46225043278,113478814,873.08185420273,146281583,1125.4593806501,157828676,1214.3002577419,115551938,889.03202923639
1000306,桃園縣,大園區,82136,26444,23052322,871.74111329602,24472195,925.4346921797,23441977,886.47621388595,31155164,1178.156254727,35289091,1334.4838526698,24615086,930.83822417183
1000307,桃園縣,龜山區,138355,50907,45099012,885.90983558253,46957535,922.41803681223,44747435,879.00357514684,56181062,1103.6019015067,59309431,1165.0545308111,44604628,876.1983224311
1000308,桃園縣,八德區,177435,59214,47066358,794.85185935758,47920354,809.27405681089,46490578,785.12814537103,60204664,1016.7302327152,65088041,1099.2002060324,47399004,800.46955111967
1000305,桃園縣,蘆竹區,143886,49392,47440671,960.49301506317,46677380,945.03927761581,47193816,955.49514091351,63573023,1287.1117387431,67843545,1373.5735544218,46271193,936.81553692906
1000405,新竹縣,湖口鄉,75921,23795,20057207,842.91687329271,22533550,946.98676192477,20939634,880.00142887161,27724375,1165.134482034,31952056,1342.8054633326,22556438,947.94864467325
1000404,新竹縣,關西鎮,31553,9324,7338053,787.00697125697,7409801,794.70195195195,7190099,771.13888888889,8449209,906.17857142857,9179078,984.4570999571,7398614,793.50214500214
1000412,新竹縣,尖石鄉,8731,2728,1304418,478.15909090909,1314625,481.90065982405,1233346,452.10630498534,1304292,478.11290322581,1386797,508.35667155425,1283678,470.5564516129
1000408,新竹縣,橫山鄉,14200,4461,3023452,677.75207352612,3292969,738.16834790406,3185000,713.96547859224,3765950,844.19412687738,4105292,920.26272136292,3448008,772.92266308003
1000413,新竹縣,五峰鄉,4616,1732,766450,442.52309468822,733864,423.70900692841,727244,419.88683602771,786645,454.18302540416,824788,476.20554272517,747479,431.56986143187
1000409,新竹縣,北埔鄉,9994,3115,2324176,746.12391653291,2330196,748.05650080257,2379452,763.86902086677,2932084,941.27897271268,3272225,1050.4735152488,2509865,805.73515248796
1000411,新竹縣,峨眉鄉,5904,2035,1479454,727.00442260442,1452937,713.97395577396,1569437,771.22211302211,1810879,889.86683046683,1943705,955.13759213759,1606925,789.64373464373
1000403,新竹縣,新埔鎮,35240,10469,8213596,784.5635686312,8988035,858.53806476263,8476114,809.63931607603,10909564,1042.0827204126,12688779,1212.0335275576,9515313,908.90371573216
1000407,新竹縣,芎林鄉,20519,6335,5636861,889.79652722968,5407675,853.61878453039,5761529,909.47576953433,7175278,1132.6405682715,7330035,1157.0694554065,5378964,849.08666140489
1000410,新竹縣,寶山鄉,14106,4818,4398113,912.8503528435,4843969,1005.3899958489,4530148,940.25487754255,5653026,1173.3138231631,6602423,1370.3659194687,5068323,1051.9557907846
1000406,新竹縣,新豐鄉,53610,16098,15003065,931.98316561063,14841825,921.96701453597,15126457,939.64821716983,21000886,1304.5649148963,21006530,1304.9155174556,14132163,877.88315318673
1000402,新竹縣,竹東鎮,96421,31092,22458350,722.31924610832,24093582,774.91258201467,23693787,762.05412967966,30735651,988.53888460054,34089592,1096.4103949569,25238106,811.7234658433
1000401,新竹縣,竹北市,146826,49493,43901156,887.017477219,46426280,938.03729820379,45643086,922.2129594084,63021656,1273.3448366436,69802220,1410.3453013557,48516745,980.27488735781
1000517,苗栗縣,獅潭鄉,4821,1689,1102490,652.74718768502,1229417,727.8963883955,1200270,710.63943161634,1300620,770.05328596803,1362491,806.68502072232,1221562,723.24570751924
1000501,苗栗縣,苗栗市,90900,29521,21479981,727.61698451949,21893272,741.61688289692,22887370,775.29114867383,32312743,1094.5680363131,34881399,1181.5791809221,24111864,816.76989261881
1000503,苗栗縣,通霄鎮,37614,11410,7382892,647.05451358457,8479282,743.14478527607,8256992,723.66275197195,10567703,926.17905346188,12066103,1057.5024539877,9142810,801.29798422436
1000506,苗栗縣,後龍鎮,38986,11780,8846806,751.00220713073,9280709,787.83607809847,9439225,801.29244482173,12775938,1084.5448217317,14036064,1191.5164685908,10478226,889.49286926995
1000510,苗栗縣,銅鑼鄉,19332,6004,4050220,674.58694203864,4321680,719.8001332445,4225229,703.73567621586,5282024,879.75083277815,6122450,1019.7285143238,4799517,799.38657561626
1000515,苗栗縣,造橋鄉,13687,4055,3667264,904.38076448829,3784273,933.23625154131,4093915,1009.5967940814,5037121,1242.2,5353973,1320.338594328,3973653,979.93908754624
1000508,苗栗縣,大湖鄉,15899,5355,3142606,586.85452847806,3469952,647.98356676004,3391653,633.3619047619,3871269,722.92605042017,4110343,767.5710550887,3523316,657.94883286648
1000507,苗栗縣,卓蘭鎮,18417,6004,4087832,680.85143237841,4003940,666.87874750167,3979479,662.8046302465,4489590,747.76648900733,4968310,827.5,4048802,674.3507661559
1000514,苗栗縣,西湖鄉,7801,2687,1346831,501.23967249721,1503190,559.430591738,1493929,555.9839970227,1912449,711.74134722739,2013804,749.46185336807,1459019,542.99181243022
1000518,苗栗縣,泰安鄉,5947,1953,802193,410.74910394265,949833,486.34562211982,879543,450.35483870968,886523,453.92882744496,923128,472.67178699437,889853,455.63389656938
1000511,苗栗縣,南庄鄉,11010,4004,2294289,572.99925074925,2350460,587.02797202797,2282677,570.09915084915,2532096,632.39160839161,2744516,685.44355644356,2313718,577.85164835165
1000516,苗栗縣,三灣鄉,7210,2399,1434664,598.02584410171,1388786,578.90204251772,1453630,605.93163818258,1862437,776.33889120467,2023375,843.42434347645,1481801,617.67444768654
1000512,苗栗縣,頭屋鄉,11513,3557,2083086,585.63002530222,2300890,646.86252459938,2244359,630.96963733483,3076855,865.01405678943,3459252,972.51953893731,2581581,725.77481023334
1000509,苗栗縣,公館鄉,34847,10324,7486116,725.11778380473,7375868,714.43897714064,7780172,753.60054242542,10223751,990.28971328942,10970737,1062.6440333204,7881606,763.42561022859
1000513,苗栗縣,三義鄉,17487,5335,3903144,731.61087160262,4362748,817.75970009372,4092424,767.08978444236,4698716,880.73402061856,5027986,942.45285848172,4249043,796.44667291471
1000502,苗栗縣,苑裡鎮,48506,13980,11189047,800.36101573677,11590630,829.08655221745,11568987,827.53841201717,14659418,1048.5992846924,16313917,1166.9468526466,11565299,827.27460658083
1000504,苗栗縣,竹南鎮,79656,24818,19131571,770.87480860666,21331540,859.51889757434,20017154,806.55790152309,28291439,1139.9564429043,35291157,1421.9984285599,25019764,1008.1297445403
1000505,苗栗縣,頭份鎮,98377,30430,22816411,749.79990141308,23617829,776.13634571147,25338876,832.69392047322,36497039,1199.3768977982,38037175,1249.9893197502,24699726,811.68997699639
1000704,彰化縣,線西鄉,16998,4157,3350695,806.0368053885,3631103,873.49121962954,3478903,836.87827760404,4215609,1014.098869377,4982910,1198.6793360597,3918394,942.60139523695
1000713,彰化縣,大村鄉,36533,10376,9819228,946.34040092521,10816981,1042.5000963763,11042816,1064.265227448,14092918,1358.2226291442,14503669,1397.8092713955,10804151,1041.2635890517
1000711,彰化縣,溪湖鎮,55918,15326,13892791,906.48512331985,15275447,996.70148766802,15056137,982.39181782592,18413840,1201.4772282396,19845020,1294.8597155161,14946402,975.2317630171
1000715,彰化縣,埔心鄉,35278,10054,8624116,857.77959021285,8978412,893.01889795106,9231792,918.22080763875,11830888,1176.7344340561,12239883,1217.4142629799,9050951,900.2338372787
1000718,彰化縣,二水鄉,16345,5338,3062007,573.62439115774,3271497,612.86942675159,3295469,617.36024728363,4102750,768.59310603222,4465670,836.58111652304,3615287,677.27369801424
1000725,彰化縣,竹塘鄉,16365,4602,3763197,817.73076923077,4000680,869.33507170795,4391667,954.29530638853,5060755,1099.6860060843,5243126,1139.3146458062,3716296,807.53933072577
1000706,彰化縣,福興鄉,48625,12203,10443091,855.7806277145,10741645,880.2462509219,11274525,923.91420142588,13625094,1116.5364254691,14166255,1160.8829795952,10451417,856.46291895436
1000722,彰化縣,埤頭鄉,31501,8684,7661275,882.22881160755,7816038,900.05043758637,8805023,1013.9363196684,9983447,1149.6369184708,10428280,1200.8613542146,7458280,858.85306310456
1000716,彰化縣,永靖鄉,38907,10501,9113919,867.90962765451,9035998,860.4892867346,9488060,903.53871059899,11976585,1140.5185220455,12539750,1194.1481763642,9669559,920.82268355395
1000707,彰化縣,秀水鄉,39273,9926,9353700,942.34334072134,9794071,986.70874471086,9884726,995.84182953859,12271177,1236.2660689099,13215738,1331.4263550272,9798531,987.1580697159
1000719,彰化縣,北斗鎮,33379,10070,8919659,885.76554121152,9997646,992.81489572989,10217519,1014.6493545184,12655739,1256.7764647468,13285273,1319.2922542205,10065585,999.56156901688
1000712,彰化縣,田中鎮,43652,12606,8575296,680.25511661114,9462274,750.61669046486,9357406,742.29779470094,12030847,954.37466285896,13181299,1045.6369189275,10215642,810.37934316992
1000709,彰化縣,芬園鄉,24670,6870,4984655,725.56841339156,5030019,732.17161572052,5175683,753.37452692868,6392757,930.53231441048,6984905,1016.7256186317,5377531,782.75560407569
1000721,彰化縣,田尾鄉,28355,7711,7141394,926.1307223447,7517460,974.90079107768,7470817,968.85189988328,9001211,1167.3208403579,9844383,1276.6674880041,8511575,1103.8224614188
1000726,彰化縣,溪州鄉,31326,8732,7044862,806.78676133761,7419035,849.63754008246,7940305,909.33405863491,9279247,1062.6714383875,10074115,1153.7007558406,7826432,896.29317453046
1000714,彰化縣,埔鹽鄉,34082,8889,7081146,796.61896726291,8038651,904.33693328833,8153221,917.22589717629,9514737,1070.3945325683,10892899,1225.4358195523,9110062,1024.8691641354
1000724,彰化縣,大城鄉,18639,5402,3188058,590.16253239541,3506652,649.1395779341,3978493,736.48519067012,4436687,821.30451684561,4553399,842.90984820437,3460629,640.61995557201
1000710,彰化縣,員林市,125144,37145,29814589,802.6541661058,32199980,866.872526585,32704741,880.46146183874,42949532,1156.2668461435,47622239,1282.0632386593,36913900,993.77843585947
1000717,彰化縣,社頭鄉,44418,12386,9250385,746.84199903116,9042394,730.04957209753,9708002,783.78830938156,12177098,983.13402228322,13037788,1052.622961408,9786112,790.09462296141
1000723,彰化縣,芳苑鄉,35752,10013,7239957,723.05572755418,7795857,778.57355437931,8735440,872.40986717268,10392172,1037.8679716369,10675500,1066.1639868171,8337592,832.67672026366
1000705,彰化縣,伸港鄉,35985,9107,7616007,836.28055342045,7991279,877.4875370594,8039444,882.77632590315,9927279,1090.071263863,11451770,1257.4689799056,8473028,930.38629625563
1000708,彰化縣,花壇鄉,46047,13134,11495788,875.26937718898,11191605,852.10941068981,12273638,934.4935282473,15486239,1179.0954012487,16381860,1247.2864321608,11662379,887.95332724227
1000720,彰化縣,二林鎮,53552,14424,11715784,812.24237382141,13432045,931.22885468663,13805762,957.13824181919,16908705,1172.2618552413,18646191,1292.7198419301,14797355,1025.8842900721
1000703,彰化縣,和美鎮,90173,24645,20054671,813.74197606005,22342618,906.57812943802,21661484,878.9403124366,28120975,1141.0417934672,31217201,1266.6748224792,22925297,930.22101846216
1000702,彰化縣,鹿港鎮,85476,22676,19432211,856.95056447345,19814038,873.7889398483,20442678,901.51164226495,25323113,1116.7363291586,27617756,1217.9289116246,21095274,930.29079202681
1000701,彰化縣,彰化市,236646,72824,57718802,792.57939690212,58627751,805.06084532572,62275139,855.14581731297,82893029,1138.2652559596,90103014,1237.2708722399,65911590,905.08060529496
1000813,南投縣,仁愛鄉,15595,4920,3449244,701.06585365854,3416284,694.36666666667,3607310,733.19308943089,3529594,717.39715447154,3720409,756.18069105691,3575267,726.68028455285
1000810,南投縣,國姓鄉,20351,7208,3981571,552.38221420644,3826529,530.87250277469,4104679,569.46157047725,4366164,605.73862375139,4598997,638.04064927858,4045149,561.20269145394
1000808,南投縣,中寮鄉,16005,5648,2769085,490.27708923513,2752206,487.28859773371,2839538,502.75106232295,3159979,559.48636685552,3318602,587.57117563739,3022646,535.17103399433
1000811,南投縣,水里鄉,19700,7224,4196222,580.87236987818,4423052,612.27187153931,4408781,610.29637320044,4845791,670.79055924695,5116985,708.33125692137,4668328,646.22480620155
1000807,南投縣,鹿谷鄉,18947,6935,4544406,655.28565248738,4226412,609.4321557318,4577108,660.00115356885,4494698,648.11795241528,4753742,685.47108868061,4555786,656.92660418169
1000812,南投縣,信義鄉,17059,5267,3132347,594.71179039301,3071261,583.11391684071,3134287,595.0801215113,3143545,596.83785836339,3319906,630.3220049364,3183164,604.35997721663
1000805,南投縣,集集鎮,11737,4306,2843789,660.4247561542,2872734,667.14677194612,2907297,675.1734788667,3133635,727.7368787738,3389897,787.24965164886,3019812,701.30329772411
1000809,南投縣,魚池鄉,16927,5741,4660355,811.76711374325,4407664,767.75195958892,4445451,774.33391395227,4530812,789.20257794809,4906226,854.59432154677,4442165,773.76153980143
1000806,南投縣,名間鄉,40966,12219,9233541,755.67075865455,8915312,729.62697438416,9608825,786.38391030363,10383766,849.80489401751,11129738,910.85506178902,9461073,774.29192241591
1000801,南投縣,南投市,103687,33605,22857657,680.18619253087,23164678,689.32236274364,24097980,717.09507513763,30352885,903.2252640976,31924723,949.99919654813,25370226,754.9539056688
1000803,南投縣,草屯鎮,99249,31333,22382439,714.34075894424,22710287,724.80410429898,23557596,751.84616857626,29581778,944.10934158874,31268923,997.95496760604,25018390,798.46774965691
1000804,南投縣,竹山鎮,57988,19355,14679822,758.45114957375,15128560,781.63575303539,15637765,807.94445879618,17591588,908.89113924051,18812492,971.97065357789,16331389,843.781400155
1000802,南投縣,埔里鎮,84596,28501,22095218,775.24360548753,22417992,786.56861162766,22433818,787.12389038981,23675561,830.69229149854,25150492,882.44244061612,23667465,830.40823129013
1000907,雲林縣,古坑鄉,33659,10698,6997030,654.05028977379,7058326,659.77995887082,7385133,690.32837913629,8622611,806.00214993457,9019663,843.11675079454,7655059,715.55982426622
1000918,雲林縣,四湖鄉,26316,9052,5276144,582.87052585064,5597228,618.34158197084,6711111,741.39538223597,7156516,790.60053026955,7603888,840.02297834733,5490216,606.51966416262
1000919,雲林縣,口湖鄉,29898,9590,4227088,440.78081334724,4836168,504.29280500521,5089883,530.74900938478,6362970,663.50052137643,7036917,733.77653806048,5485044,571.95453597497
1000906,雲林縣,北港鎮,42483,15500,9856434,635.89896774194,11425836,737.15070967742,11943378,770.54051612903,14364639,926.75090322581,15752572,1016.2949677419,11705194,755.17380645161
1000909,雲林縣,莿桐鄉,30251,9102,6950930,763.67062184135,7456259,819.18907932323,8059138,885.42496154691,9587948,1053.3891452428,10166226,1116.9222148978,7733835,849.6852340145
1000916,雲林縣,臺西鄉,25662,8902,4182280,469.81352505055,4522915,508.07852168052,5038675,566.01606380589,6150946,690.96225567288,6492770,729.36081779375,4796559,538.81813075713
1000914,雲林縣,東勢鄉,16379,5741,3859723,672.30848284271,4306793,750.18167566626,5294788,922.27625849155,5568039,969.8726702665,5699498,992.77094582825,4083971,711.36927364571
1000912,雲林縣,崙背鄉,26879,8343,5840565,700.055735347,7465596,894.83351312478,7935674,951.17751408366,9344142,1119.9978425027,9844324,1179.9501378401,7245374,868.43749250869
1000913,雲林縣,麥寮鄉,39147,12885,7387640,573.351959643,8200517,636.43903764067,9137773,709.17912301125,11229395,871.50911913077,12590739,977.1625145518,10008639,776.76670547148
1000910,雲林縣,林內鄉,19581,5784,4053017,700.7290802213,3976243,687.4555670816,4248298,734.49135546335,5169007,893.67340940526,5458618,943.74446749654,4469817,772.78993775934
1000920,雲林縣,水林鄉,28303,10347,5286110,510.88334783029,6657541,643.42717695951,8094107,782.26606745917,8159736,788.60887213685,8012917,774.41934860346,6036676,583.42282787281
1000902,雲林縣,斗南鎮,46815,15389,9401030,610.89284553902,10279580,667.98232503736,10333106,671.46052375073,13384359,869.73546039379,14752062,958.61082591461,11432241,742.88394307622
1000911,雲林縣,二崙鄉,29331,8752,6831744,780.59232175503,7467666,853.25251371115,8223115,939.56981261426,9538261,1089.8378656307,10331223,1180.4413848263,7374726,842.63322669104
1000908,雲林縣,大埤鄉,20893,6675,4811923,720.88734082397,4790252,717.64074906367,5711489,855.65378277154,6650553,996.33752808989,6817371,1021.328988764,4824347,722.74861423221
1000915,雲林縣,褒忠鄉,13997,4307,3201743,743.38123984212,3735942,867.41165544463,4161224,966.15370327374,4713330,1094.3417692129,4788843,1111.874390527,3759021,872.7701416299
1000905,雲林縣,土庫鎮,30247,8858,6931149,782.47335741702,7947935,897.26066832242,9171236,1035.3619327162,9788074,1104.9981937232,10148226,1145.6565816211,7581496,855.89252652969
1000917,雲林縣,元長鄉,28367,9354,7204421,770.19681419713,9160060,979.26662390421,10927567,1168.2239683558,9505655,1016.2128501176,9918378,1060.3354714561,7067648,755.57494120162
1000904,雲林縣,西螺鎮,48125,14131,11367598,804.44398839431,12450791,881.09765763216,13069236,924.86278395018,16490655,1166.9842898592,18230163,1290.0830089873,13959038,987.83086830373
1000903,雲林縣,虎尾鎮,70080,22855,19784012,865.63167796981,21859006,956.42117698534,23622690,1033.5895865237,28204471,1234.0612994968,30662376,1341.604725443,24330624,1064.5646029315
1000901,雲林縣,斗六市,107143,35329,29782272,842.99787709813,30854418,873.34535367545,32027836,906.55937048883,40170571,1137.0424014266,43434973,1229.4424693594,34606587,979.55184126355
1001012,嘉義縣,水上鄉,51793,17448,11956527,685.26633425034,12525771,717.89150618982,13188150,755.8545392022,16473200,944.13113250802,17449675,1000.0959995415,13414779,768.84336313618
1001007,嘉義縣,新港鄉,34231,10437,7510633,719.61607741688,7703140,738.06074542493,8815924,844.67988885695,10175775,974.97125610808,10644949,1019.9242119383,7795806,746.93935038804
1001010,嘉義縣,義竹鄉,20653,7476,3169897,424.00976457999,3154938,422.0088282504,3616169,483.70371856608,4394060,587.75548421616,4624070,618.52193686463,3555022,475.52461209203
1001003,嘉義縣,布袋鎮,29664,10156,4861629,478.69525403702,5287961,520.67359196534,5583709,549.79411185506,6981645,687.44042930288,7693325,757.51526191414,5865046,577.49566758566
1001004,嘉義縣,大林鎮,33207,11276,7058313,625.95893934019,7455362,661.17080525009,7986674,708.28964171692,10209462,905.41521816247,10866472,963.68144732175,8539699,757.33407236609
1001008,嘉義縣,六腳鄉,25903,9144,5014606,548.40398075241,5193159,567.93077427822,6105358,667.69006999125,6998856,765.40419947507,7149509,781.87981189851,5207151,569.46095800525
1001006,嘉義縣,溪口鄉,16015,5390,3435090,637.30797773655,3981949,738.76604823748,4550050,844.16512059369,4736074,878.67792207792,5180312,961.09684601113,3885494,720.87087198516
1001009,嘉義縣,東石鄉,27202,9505,4008056,421.67869542346,4295365,451.90583903209,4568940,480.68805891636,5640930,593.4697527617,6024067,633.77874802735,4700838,494.5647553919
1001011,嘉義縣,鹿草鄉,17022,5801,3045729,525.03516635063,2926355,504.45699017411,3389094,584.22582313394,4164910,717.96414411308,4344248,748.87915876573,3201381,551.86709188071
1001015,嘉義縣,梅山鄉,21171,6675,4258102,637.91790262172,4649245,696.51610486891,4775226,715.38966292135,5107346,765.14546816479,5391538,807.72104868914,4985500,746.89138576779
1001017,嘉義縣,大埔鄉,4554,1927,605669,314.30669434354,576884,299.36896730669,600973,311.86974571873,698549,362.50596782564,698484,362.47223663726,635458,329.76543850545
1001001,嘉義縣,太保市,36673,11545,9407174,814.82667821568,9411140,815.17020355132,10278391,890.28938934604,12648125,1095.5500216544,13371258,1158.1860545691,9954419,862.22771762668
1001014,嘉義縣,竹崎鄉,38179,11441,7462796,652.2852897474,8091399,707.22830172188,8377335,732.22052268158,9593710,838.53771523468,10002880,874.30119744778,8703102,760.69417009003
1001018,嘉義縣,阿里山鄉,6157,2066,1317703,637.80396902227,1389135,672.37899322362,1377765,666.87560503388,1307632,632.92933204259,1329875,643.69554695063,1363241,659.84559535334
1001016,嘉義縣,番路鄉,11881,4077,2720873,667.37135148393,2809510,689.11209222468,2889046,708.62055432916,3186742,781.63895020849,3350305,821.75741967133,3101367,760.6983075791
1001005,嘉義縣,民雄鄉,72451,23146,19268195,832.46327659207,19754783,853.48582908494,21562388,931.58161237363,25710488,1110.796163484,27608528,1192.7991013566,22167253,957.71420547827
1001013,嘉義縣,中埔鄉,47291,15539,10597167,681.97226333741,10822579,696.47847351824,11406249,734.04009267006,13997214,900.779586846,14624641,941.15715296995,11947568,768.87624686273
1001002,嘉義縣,朴子市,43895,14857,9507918,639.9621727132,10548323,709.99010567409,11009685,741.043615804,13788741,928.09726055058,14981227,1008.3615130915,11644420,783.7665746786
1001301,屏東縣,屏東市,209416,72425,52735742,728.14279599586,53107725,733.27890921643,60733199,838.56677942699,75218305,1038.56824301,77368076,1068.2509630652,64301002,887.82881601657
1001322,屏東縣,琉球鄉,12169,4020,2027541,504.36343283582,2045408,508.807960199,2296077,571.16343283582,2848992,708.70447761194,3261232,811.25174129353,2651063,659.4684079602
1001313,屏東縣,內埔鄉,57508,17988,15697313,872.65471425395,15334156,852.46586613298,17220002,957.30498109851,20755966,1153.8784745386,19851178,1103.5789415166,17780508,988.4649766511
1001312,屏東縣,萬巒鄉,21635,6440,5199867,807.43276397516,5567867,864.57562111801,5976113,927.96785714286,6903914,1072.0363354037,6648670,1032.402173913,5687363,883.13090062112
1001307,屏東縣,麟洛鄉,11406,3616,3143685,869.38191371681,3102449,857.97815265487,3630758,1004.0813053097,4044388,1118.4701327434,4094742,1132.3954646018,3370688,932.1592920354
1001329,屏東縣,泰武鄉,5089,1239,825616,666.35673930589,818330,660.47619047619,840805,678.61581920904,935339,754.91444713479,992069,800.70137207425,974261,786.32849071832
1001314,屏東縣,竹田鄉,18169,5593,4354368,778.53888789558,4656905,832.63096728053,5082543,908.7328803862,5881152,1051.5201144288,5913836,1057.3638476667,4939961,883.23994278562
1001309,屏東縣,里港鄉,25759,7912,6883104,869.95753286148,6670843,843.12980283114,7901286,998.64585439838,8796978,1111.8526289181,8992746,1136.5958038423,7373146,931.89408493428
1001305,屏東縣,萬丹鄉,53515,14427,13848147,959.87710542732,13860331,960.72163304914,16285772,1128.8398142372,18151689,1258.1748804325,18680359,1294.8193664657,15240285,1056.3724266999
1001316,屏東縣,枋寮鄉,26218,8504,6334833,744.92391815616,6527531,767.58360771402,7198394,846.47154280339,8587351,1009.8013875823,8733645,1027.0043508937,7604789,894.26023047977
1001325,屏東縣,枋山鄉,5919,2100,1482174,705.79714285714,1479382,704.46761904762,1659645,790.30714285714,2080219,990.58047619048,2028852,966.12,1696351,807.78619047619
1001330,屏東縣,來義鄉,7688,2192,1222846,557.86770072993,1265059,577.12545620438,1298338,592.30748175182,1454087,663.36085766423,1467385,669.42746350365,1430369,652.54060218978
1001324,屏東縣,滿州鄉,8256,3041,1446578,475.69154883262,1519220,499.57908582703,1566474,515.11805327195,1739184,571.91187109503,1839927,605.04011838211,1649804,542.52022361065
1001331,屏東縣,春日鄉,4842,1324,704410,532.03172205438,724863,547.47960725076,768654,580.55438066465,872346,658.87160120846,907681,685.55966767372,824130,622.45468277946
1001333,屏東縣,牡丹鄉,4920,1884,865362,459.32165605096,865112,459.1889596603,938068,497.91295116773,934729,496.1406581741,957449,508.20010615711,830307,440.71496815287
1001332,屏東縣,獅子鄉,4815,1464,905915,618.7943989071,930112,635.32240437158,981765,670.60450819672,1056255,721.4856557377,1070064,730.91803278689,985283,673.0075136612
1001328,屏東縣,瑪家鄉,6550,1931,1074226,556.30554117038,1027266,531.98653547385,1117150,578.53443811497,1222784,633.23873640601,1246914,645.73485240808,1138164,589.41688244433
1001323,屏東縣,車城鄉,9410,3505,2335877,666.44136947218,2305704,657.83281027104,2598380,741.33523537803,3054339,871.42339514979,3164276,902.78915834522,2518413,718.52011412268
1001318,屏東縣,崁頂鄉,17053,4306,2625178,609.65582907571,2792781,648.57895959127,2984093,693.00812819322,3596298,835.18300046447,3665347,851.21853228054,3156448,733.03483511379
1001320,屏東縣,南州鄉,11522,3678,3021176,821.41816204459,2855901,776.48205546493,3531392,960.13920609027,3687058,1002.4627514954,3830400,1041.4355628059,3029127,823.57993474715
1001315,屏東縣,新埤鄉,10532,3370,2402966,713.04629080119,2628688,780.02611275964,2795127,829.41454005935,3283881,974.44540059347,3293147,977.19495548961,2915046,864.99881305638
1001310,屏東縣,鹽埔鄉,27036,7759,6199949,799.06547235468,6778056,873.57339863384,7382541,951.48098981828,8574473,1105.1002706534,8520077,1098.0895733986,7449428,960.10155947931
1001317,屏東縣,新園鄉,37819,11607,8923603,768.81218230378,9142655,787.68458688722,10258588,883.82769018696,12015757,1035.2164211252,12526667,1079.2338244163,10568378,910.51761867838
1001311,屏東縣,高樹鄉,26331,9420,5116466,543.14925690021,5606800,595.2016985138,5997743,636.70307855626,6812714,723.21804670913,6935370,736.23885350318,6070590,644.43630573248
1001304,屏東縣,恆春鎮,30867,10878,9070181,833.80961573819,9661152,888.13678985108,10443353,960.04348225777,13371028,1229.1807317522,14434161,1326.9131274131,11499683,1057.1504872219
1001303,屏東縣,東港鎮,49568,15836,11896179,751.2111012882,12453049,786.37591563526,13472453,850.74848446577,17414613,1099.6850846173,18584176,1173.5397827734,15992766,1009.8993432685
1001302,屏東縣,潮州鎮,55312,18357,14374974,783.07860761562,15267126,831.67870567086,16513022,899.54905485646,20803893,1133.2948194149,21348676,1162.971945307,18123843,987.29874162445
1001308,屏東縣,九如鄉,22689,6613,5390445,815.12853470437,5446792,823.64917586572,5870818,887.76924240133,7265686,1098.6974141842,7406299,1119.9605322849,6523866,986.52139724785
1001306,屏東縣,長治鄉,30686,9790,7744118,791.02328907048,8014793,818.67139938713,8715745,890.27017364658,10453125,1067.7349336057,10487323,1071.2280898876,9090959,928.59642492339
1001319,屏東縣,林邊鄉,20286,7138,4047965,567.10072849538,4230946,592.7355001401,4521688,633.46707761278,5751900,805.81395348837,6089283,853.07971420566,5247815,735.19403194172
1001321,屏東縣,佳冬鄉,21030,7135,4694102,657.89796776454,4583052,642.33384723196,5425523,760.4096706377,6040529,846.60532585844,6205229,869.68871758935,5042998,706.79719691661
1001326,屏東縣,三地門鄉,7548,2222,1276159,574.32898289829,1254289,564.48649864986,1344124,604.91629162916,1465770,659.66246624662,1490193,670.65391539154,1357274,610.83438343834
1001327,屏東縣,霧臺鄉,2966,989,252581,255.39029322548,273465,276.50657229525,286260,289.44388270981,321870,325.44994944388,341972,345.77553083923,309360,312.80080889788
1001404,臺東縣,卑南鄉,18055,6626,4193886,632.94385753094,4114750,621.00060368246,4273345,644.9358587383,5048239,761.88333836402,5543494,836.62752792031,4458354,672.85753093873
1001402,臺東縣,成功鎮,15542,5422,2729015,503.32257469568,2995351,552.44393212837,3038224,560.35116193287,3751919,691.98063445223,3931552,725.11102914054,3171898,585.00516414607
1001413,臺東縣,延平鄉,3560,1062,444503,418.5527306968,407090,383.32391713748,438796,413.17890772128,483810,455.56497175141,509887,480.11958568738,437424,411.88700564972
1001403,臺東縣,關山鎮,9559,3231,1974976,611.25843392139,2105902,651.7802537914,2057140,636.68833178582,2470990,764.77561126586,2648668,819.7672547199,2153148,666.40297121634
1001410,臺東縣,大武鄉,6790,2518,1034910,411.00476568705,988014,392.38046068308,1106232,439.32962668785,1254437,498.18784749801,1343399,533.51826846704,1089219,432.57307386815
1001405,臺東縣,鹿野鄉,8403,3126,1830789,585.6650671785,1801227,576.20825335893,1864005,596.29078694818,2184260,698.73960332694,2389327,764.34005118362,1953263,624.84420985285
1001407,臺東縣,東河鄉,9222,3633,1550786,426.86099642169,1523955,419.47563996697,1650678,454.35672997523,1867785,514.11643270025,1974727,543.55271125791,1644191,452.57115331682
1001415,臺東縣,達仁鄉,3965,1503,491821,327.22621423819,479861,319.26879574185,509029,338.6753160346,555310,369.46773120426,586243,390.04856952761,494302,328.87691284098
1001408,臺東縣,長濱鄉,8031,2931,1185457,404.45479358581,1294759,441.74650290003,1333576,454.99010576595,1510294,515.28283862163,1700463,580.164790174,1380188,470.89321050836
1001411,臺東縣,綠島鄉,3400,1040,341929,328.77788461538,361932,348.01153846154,475942,457.63653846154,661619,636.17211538462,630188,605.95,416622,400.59807692308
1001412,臺東縣,海端鄉,4408,1098,852540,776.44808743169,902241,821.7131147541,874358,796.31876138434,981054,893.49180327869,1060571,965.9116575592,943070,858.89799635701
1001406,臺東縣,池上鄉,9012,3254,1529965,470.17977873387,1753667,538.92655193608,1689955,519.34695759066,1874472,576.0516287646,2143682,658.78365089121,1723339,529.60633066994
1001416,臺東縣,蘭嶼鄉,4691,1536,993605,646.87825520833,1012152,658.953125,1164435,758.095703125,1592901,1037.044921875,1704333,1109.591796875,1362056,886.75520833333
1001414,臺東縣,金峰鄉,3519,1058,482537,456.08412098299,465248,439.74291115312,509903,481.94990548204,572111,540.74763705104,610318,576.86011342155,510149,482.18241965974
1001409,臺東縣,太麻里鄉,11823,4537,2520753,555.59907427816,2443795,538.63676438175,2571709,566.83028432885,2955948,651.52038792153,3217028,709.06502093895,2729420,601.59135992947
1001401,臺東縣,臺東市,108310,38265,28051120,733.0751339344,28372078,741.46290343656,29963162,783.04356461518,37175230,971.52044949693,39819913,1040.6353848164,31037278,811.1140206455
1001506,花蓮縣,壽豐鄉,18494,6856,5388502,785.95420070012,5343395,779.375,6445105,940.06782380397,7069073,1031.0783255543,7327121,1068.7165985998,6111018,891.33868144691
1001504,花蓮縣,新城鄉,20130,7354,4654872,632.97144411205,4967360,675.46369322818,5016720,682.17568670112,6550427,890.72980690781,7599962,1033.4460157737,5722228,778.11096002176
1001507,花蓮縣,光復鄉,13837,5050,2573784,509.6601980198,2510228,497.07485148515,2705631,535.76851485149,3334771,660.35069306931,3466019,686.3403960396,2618828,518.5798019802
1001503,花蓮縣,玉里鎮,26452,8896,5768006,648.38196942446,5610023,630.62308902878,5857548,658.44739208633,7363019,827.6774955036,7825394,879.65310251799,5982355,672.47695593525
1001502,花蓮縣,鳳林鎮,11712,4425,2649603,598.78033898305,2681057,605.88858757062,2748106,621.0409039548,3436100,776.5197740113,3728843,842.67638418079,2821303,637.58259887006
1001509,花蓮縣,瑞穗鄉,12588,4641,2520048,542.99676793794,2435288,524.73346261582,2740307,590.45615169145,3247550,699.75220857574,3269225,704.42253824607,2515198,541.95173453997
1001511,花蓮縣,秀林鄉,15173,4684,2859125,610.40243381725,3088497,659.37169086251,2958765,631.67485055508,3530840,753.80871050384,3901489,832.93958155423,3187220,680.44833475662
1001512,花蓮縣,萬榮鄉,6756,2124,869134,409.19679849341,839368,395.18267419962,894423,421.10310734463,1055086,496.74482109228,1103266,519.42843691149,902506,424.90866290019
1001510,花蓮縣,富里鄉,11387,4004,2186146,545.99050949051,2289753,571.86638361638,2303888,575.3966033966,2698725,674.00724275724,3071417,767.08716283716,2435399,608.24150849151
1001508,花蓮縣,豐濱鄉,4857,1787,852007,476.78063794068,821738,459.84219362059,934469,522.92613318411,1084465,606.86345831002,1104096,617.84890878567,857808,480.02686066032
1001513,花蓮縣,卓溪鄉,6233,1656,745440,450.14492753623,747348,451.29710144928,777298,469.38285024155,917142,553.82971014493,948438,572.72826086957,751483,453.7940821256
1001505,花蓮縣,吉安鄉,80464,29558,22717773,768.58288788145,22460956,759.8943094932,23563013,797.178868665,30415555,1029.0126192571,31283237,1058.3678530347,23018132,778.74456999797
1001501,花蓮縣,花蓮市,108755,40798,29132418,714.0648561204,29409307,720.85168390607,31125772,762.92396686112,40302732,987.86048335703,44303161,1085.9150203441,32196248,789.16240992205
1001601,澎湖縣,馬公市,57468,20984,15078212,718.55756767061,16675999,794.70067670606,16047693,764.75853030881,20819443,992.15797750667,24416140,1163.5598551277,17956969,855.74575867327
1001605,澎湖縣,望安鄉,4661,1899,493573,259.91205897841,498115,262.30384412849,592365,311.93522906793,731983,385.45708267509,749646,394.75829383886,524610,276.25592417062
1001603,澎湖縣,白沙鄉,9412,3172,1906065,600.90321563682,1784810,562.67654476671,2128499,671.02742749054,2648773,835.04823455233,2596061,818.43032786885,1812503,571.40699873897
1001606,澎湖縣,七美鄉,3563,1266,504944,398.84992101106,572882,452.51342812006,597643,472.07187993681,739377,584.02606635071,836884,661.0458135861,594478,469.57187993681
1001602,澎湖縣,湖西鄉,13699,4847,2996147,618.14462554157,3000203,618.98143181349,3109554,641.54198473282,3914187,807.54838044151,3980149,821.15721064576,2983099,615.45265112441
1001604,澎湖縣,西嶼鄉,8354,2863,1463438,511.1554313657,1742891,608.76388403772,1728898,603.87635347538,2126080,742.60565840028,2377340,830.36674816626,1714095,598.70590289906
1001701,基隆市,中正區,54447,22140,14231074,642.7766034327,15713302,709.72457091238,14358142,648.51589882565,18071144,816.22149954833,23730293,1071.8289521229,16850346,761.08157181572
1001707,基隆市,信義區,51033,20215,13410951,663.41582982933,14635613,723.99767499382,13036110,644.87311402424,17280947,854.85763047242,21004612,1039.0606975019,14161152,700.52693544398
1001706,基隆市,安樂區,82779,31756,22213615,699.50922660285,22065778,694.85382289961,21009164,661.58092958811,30496915,960.35127220053,28818394,907.49445774027,20581220,648.10492505353
1001705,基隆市,中山區,50297,19197,13269630,691.23456790123,11616075,605.09845288326,12670489,660.02443090066,17610034,917.33260405272,15845630,825.42220138563,11566538,602.51799760379
1001702,基隆市,七堵區,54711,20285,13618699,671.36795661819,14634087,721.42405718511,13555182,668.2367266453,18474511,910.74739955632,20512409,1011.2106975598,14400336,709.9007148139
1001704,基隆市,仁愛區,48717,19795,11451472,578.50325839859,12451748,629.03500884062,12180866,615.35064410205,17062489,861.95953523617,19305778,975.28557716595,12533484,633.16413235666
1001703,基隆市,暖暖區,37943,14583,9055744,620.97949667421,10306501,706.74765137489,9032430,619.38078584653,11676552,800.69615305493,13240639,907.95028457793,9649523,661.69670163889
0902003,金門縣,金湖鎮,22738,7575,3500357,462.09333333333,3938734,519.96488448845,3696164,487.94244224422,5074968,669.96277227723,5271621,695.92356435644,3559590,469.91287128713
0902002,金門縣,金沙鎮,16301,5547,2356839,424.88534342888,2144267,386.56336758608,2285124,411.95673336939,3059630,551.58283756986,2950955,531.99116639625,2094473,377.58662340004
0902005,金門縣,烈嶼鄉,9515,2718,1286307,473.25496688742,1149872,423.05813097866,1298611,477.78182487123,1684600,619.79396615158,1663501,612.03127299485,1176842,432.9808682855
0902001,金門縣,金城鎮,34245,11408,4352103,381.49570476858,4850234,425.16076437588,4618509,404.84826437588,5654558,495.66602384292,7139543,625.83651823282,5293955,464.05636395512
0902004,金門縣,金寧鄉,20520,6434,2745236,426.67640658999,2923866,454.43985079266,2768806,430.33975753808,3482415,541.25194280385,4087120,635.23779919179,2992765,465.14843021449
0900701,連江縣,南竿鄉,6000,1266,2133320,1685.0868878357,2600924,2054.4423380727,2239248,1768.7582938389,2391320,1888.87835703,2947527,2328.2203791469,2337146,1846.0868878357
0900703,連江縣,莒光鄉,1163,245,561029,2289.9142857143,639044,2608.3428571429,583204,2380.4244897959,613513,2504.1346938776,729666,2978.2285714286,619511,2528.6163265306
0900704,連江縣,東引鄉,1079,280,618355,2208.4107142857,699233,2497.2607142857,626270,2236.6785714286,682627,2437.9535714286,795439,2840.8535714286,742523,2651.8678571429
0900702,連江縣,北竿鄉,1864,405,759863,1876.2049382716,785723,1940.0567901235,722971,1785.1135802469,835097,2061.9679012346,977542,2413.6839506173,687452,1697.412345679
