town_id,縣市,鄉鎮,人口數,家戶數,1-2月總用水,1-2月家戶用水,3-4月總用水,3-4月家戶用水,5-6月總用水,5-6月家戶用水,7-8月總用水,7-8月家戶用水,9-10月總用水,9-10月家戶用水,11-12月總用水,11-12月家戶用水
6300400,臺北市,中山區,226659,96025,6151779,64.064347826087,6106042,63.588044780005,6122281,63.757156990367,6377805,66.41817235095,6869389,71.53750585785,6566999,68.388430096329
6300100,臺北市,松山區,210905,79619,4063652,51.038721913111,4155050,52.186663987239,3996540,50.195807533378,4118998,51.733857496326,4469253,56.13299589294,4304365,54.062032931838
6300300,臺北市,大安區,313426,118969,6620949,55.652724659365,6554022,55.090166345855,6535616,54.935453773672,6673951,56.09823567484,7132655,59.953895552623,6860034,57.662365826392
6300600,臺北市,大同區,128809,49850,2424439,48.634684052156,2342057,46.982086258776,2344236,47.025797392177,2450049,49.148425275827,2575555,51.666098294885,2466805,49.484553660983
6301100,臺北市,士林區,288894,104022,5489968,52.776989482994,5139260,49.405510372806,5265175,50.615975466728,5425874,52.160831362596,5494851,52.823931476034,5490730,52.784314856473
6301200,臺北市,北投區,254192,92753,4590873,49.495682080364,4657838,50.217653337358,4485586,48.360548984938,4575179,49.326480006038,4948946,53.356182549352,4735989,51.060224467133
6300900,臺北市,南港區,118490,44251,2195255,49.609161374884,2024437,45.74895482588,2075469,46.902194300694,2285067,51.638765225645,2231279,50.423244672437,2267329,51.237915527333
6300700,臺北市,萬華區,192628,76572,3600247,47.017800240297,3320980,43.370683800867,3394981,44.337107558899,3579405,46.745611973045,3666143,47.878375907642,3614464,47.203468630831
6301000,臺北市,內湖區,280025,102207,5376051,52.599636032757,4797941,46.943369827898,5088144,49.782735037718,5418132,53.011359300244,5524608,54.053127476592,5356829,52.411566722436
6300200,臺北市,信義區,227734,88021,4652155,52.852785130821,4515663,51.302109723816,4584720,52.086661137683,4783056,54.339941604844,4981322,56.592426807239,4835456,54.935254087093
6300500,臺北市,中正區,162154,63952,4141619,64.761367900926,3880396,60.676695021266,3933983,61.514620340255,4303983,67.300209532149,4393445,68.699102451839,4288954,67.065205153865
6300800,臺北市,文山區,269310,100822,4806523,47.673355021721,4350039,43.145732082284,4517433,44.806024478784,4677049,46.389171014263,4749504,47.107813770804,4845021,48.055196286525
6500300,新北市,中和區,416499,159724,8043637,50.359601562696,8171544,51.16040169292,7965749,49.871960381658,8152119,51.038785655255,8631038,54.037201672886,8445072,52.87290576244
6500400,新北市,永和區,230768,90478,3980872,43.998231614315,4049754,44.759543756493,3859412,42.655805831252,3919686,43.321978823581,4179582,46.194456110878,4089987,45.204215389376
6500200,新北市,三重區,390090,144286,7328319,50.790229128259,7060820,48.9362793341,6965223,48.273727180738,7290954,50.531264294526,7445411,51.601756234146,7450139,51.63452448609
6501400,新北市,蘆洲區,199490,67478,3159414,46.821393639408,3377333,50.050875841015,3055721,45.284700198583,3147649,46.647040516909,3446159,51.070852722369,3350475,49.652849817718
6502600,新北市,貢寮區,13412,4461,156570,35.097511768662,142476,31.938130464022,143508,32.169468728985,159301,35.709706343869,198118,44.411118583277,197758,44.330419188523
6500800,新北市,鶯歌區,88336,28560,1075700,37.664565826331,1155501,40.458718487395,1049789,36.757317927171,1107164,38.766246498599,1193157,41.777205882353,1152023,40.33693977591
6501300,新北市,土城區,239717,84453,3710746,43.938593063598,3905499,46.244644950446,3556721,42.114797579719,3596435,42.585047304418,3916415,46.373900275893,3812734,45.146223343161
6502100,新北市,三芝區,23460,9078,247903,27.308107512668,277837,30.60552985239,222160,24.472350738048,241946,26.651905706103,287744,31.696849526327,298692,32.902842035691
6501600,新北市,泰山區,77617,26968,1274566,47.262162563038,1311280,48.62355384159,1285154,47.654776030851,1266209,46.952276772471,1343236,49.808513794126,1327469,49.223857905666
6501200,新北市,瑞芳區,41617,15967,389299,24.381474290725,416745,26.100394563788,402325,25.197281893906,418973,26.239932360494,443010,27.745349783929,449003,28.120686415732
6502900,新北市,烏來區,5975,1758,16589,9.4362912400455,19095,10.861774744027,17625,10.025597269625,15998,9.1001137656428,21074,11.987485779295,18552,10.552901023891
6501800,新北市,深坑區,23569,9198,519474,56.476842791911,542294,58.957816916721,505486,54.956077408132,522776,56.83583387693,567412,61.688627962601,559341,60.811154598826
6502400,新北市,平溪區,5109,2388,16066,6.7278056951424,20937,8.7675879396985,16223,6.7935510887772,17256,7.2261306532663,22658,9.4882747068677,19740,8.2663316582915
6501100,新北市,汐止區,192676,81979,3667875,44.741641152002,3906572,47.653325851743,3563414,43.467400187853,3742725,45.654679857037,4067489,49.616230985984,3951800,48.205028116957
6501900,新北市,石碇區,7895,3350,40958,12.226268656716,43178,12.888955223881,37890,11.310447761194,39071,11.662985074627,43234,12.905671641791,42312,12.630447761194
6500900,新北市,三峽區,107794,38502,1491399,38.735624123422,1572986,40.85465690094,1483268,38.524440288816,1515664,39.365851124617,1670556,43.388810970859,1646262,42.757830762038
6502500,新北市,雙溪區,9465,3834,31466,8.207094418362,36029,9.3972352634324,34596,9.0234741784038,36836,9.6077203964528,39319,10.255346896192,39462,10.292644757433
6502000,新北市,坪林區,6483,2476,13187,5.325928917609,13825,5.5836025848142,14359,5.7992730210016,13550,5.4725363489499,16292,6.5799676898223,14566,5.8828756058158
6502200,新北市,石門區,12798,4236,34083,8.0460339943343,34177,8.0682247403211,30785,7.2674693106704,34608,8.1699716713881,39902,9.4197355996223,38441,9.0748347497639
6502700,新北市,金山區,22486,6910,179559,25.985383502171,185116,26.789580318379,174552,25.260781476122,177795,25.73010130246,207898,30.086541244573,197225,28.541968162084
6502300,新北市,八里區,35721,12948,748219,57.786453506333,777925,60.080707445165,798144,61.642261353105,776162,59.944547420451,882650,68.168829162805,783990,60.549119555144
6501500,新北市,五股區,81225,28290,1334443,47.170130788264,1410628,49.86313184871,1221663,43.183563096501,1272816,44.991728525981,1418901,50.155567338282,1378323,48.721208907741
6500500,新北市,新莊區,407012,142061,6670496,46.955153068048,6974948,49.098260606359,6474696,45.576871907138,6680341,47.024454283723,7227531,50.876250343162,6982099,49.14859813742
6501000,新北市,淡水區,150687,62655,3209409,51.223509695954,3268052,52.159476498284,3156295,50.375788045647,3242128,51.745718617828,3549897,56.657840555423,3517969,56.148256324316
6502800,新北市,萬里區,22429,7259,192255,26.485053037608,185714,25.583964733434,191926,26.439729990357,201804,27.800523488084,225954,31.127428020388,206380,28.430913348946
6501700,新北市,林口區,89886,34026,1355718,39.843590195733,1398327,41.095838476459,1336119,39.26758949039,1411910,41.495033209898,1564642,45.983718333039,1567313,46.062217128079
6500700,新北市,樹林區,182012,63613,2761002,43.403109427318,2888164,45.402103343656,2688416,42.262053353874,2783721,43.760253407322,3062324,48.139908509267,2973224,46.739251410875
6500600,新北市,新店區,297637,119383,6230702,52.190864695978,5804025,48.616846619703,5868308,49.155306869487,6379509,53.437331948435,6159163,51.59162527328,6308444,52.842062940285
6500100,新北市,板橋區,557440,201973,8889565,44.013630534774,9353185,46.309085867913,8446205,41.81848563917,8834851,43.742732939551,9620526,47.632733088086,9319809,46.143836057295
6601200,臺中市,清水區,85734,25516,760611,29.809178554632,808756,31.696033861107,774267,30.344372158646,770277,30.187999686471,817162,32.025474212259,812779,31.853699639442
6601900,臺中市,新社區,25378,7409,184428,24.892428127952,202186,27.289242812795,200695,27.088001079768,188478,25.439060601971,209821,28.319746254555,196448,26.514779322446
6601000,臺中市,東勢區,52403,17163,526655,30.685486220358,570594,33.245586435938,508499,29.627629202354,518079,30.185806677154,552534,32.193322845656,556777,32.440540698013
6600200,臺中市,東　區,74282,26552,1098893,41.386449231696,1197050,45.083232901476,1034670,38.967686050015,1091524,41.1089183489,1221255,45.994840313347,1160169,43.694222657427
6600900,臺中市,豐原區,166085,51085,2357887,46.156151512186,2507125,49.077517862386,2318516,45.385455613194,2336093,45.729529216013,2528603,49.497954389743,2461207,48.178663012626
6602700,臺中市,太平區,176594,56822,2117335,37.262591953821,2269789,39.945602055542,2030338,35.731547639999,2080246,36.609869416775,2246835,39.541638801873,2193490,38.602829889831
6602400,臺中市,大肚區,55863,16254,540863,33.275685984988,579151,35.631290759198,540129,33.230527870063,534618,32.891472868217,579040,35.624461670973,558834,34.381321520856
6600400,臺中市,西　區,116784,44186,2158278,48.845290363464,2301438,52.085230616032,2111154,47.778798714525,2202484,49.845742995519,2339702,52.951206264428,2303529,52.132553297425
6602000,臺中市,石岡區,15763,4881,130487,26.733661135013,141909,29.073755377996,128446,26.315509116984,127321,26.085023560746,137348,28.139315713993,143156,29.329235812334
6602900,臺中市,和平區,10556,4391,15220,3.4661808244136,14795,3.3693919380551,19954,4.5442951491688,18690,4.2564336142109,23460,5.342746526987,31451,7.1626053290822
6600700,臺中市,南屯區,158300,55935,2797398,50.011584875302,2926020,52.311075355323,2757496,49.298221149549,2778586,49.675265933673,3002375,53.676141950478,2877824,51.449432376866
6602200,臺中市,大安區,19910,5315,31494,5.9254938852305,32914,6.1926622765757,31157,5.8620884289746,30448,5.7286923800564,32185,6.0555032925682,33102,6.2280338664158
6602800,臺中市,大里區,203239,64642,2325263,35.971396305807,2494944,38.596330559079,2275110,35.195538504378,2323629,35.946118622567,2498863,38.656956777327,2441764,37.7736456174
6602100,臺中市,外埔區,31797,9058,246039,27.16261867962,266189,29.387171561051,238122,26.288584676529,249488,27.543387061161,269368,29.738132037977,264277,29.17608743652
6602500,臺中市,龍井區,75138,21349,949903,44.494027823317,990961,46.417209236967,909075,42.581619747998,926176,43.382640873109,985959,46.182912548597,991204,46.428591503115
6600500,臺中市,北　區,147798,57229,2876152,50.256897726677,2964078,51.79328662042,2780244,48.581034091108,2861519,50.001205682434,3069991,53.64397420888,3027674,52.904541403834
6600300,臺中市,南　區,116807,44238,2102297,47.522424160224,2153709,48.684592431846,2149843,48.597201500972,2112259,47.747615172476,2188763,49.47698810977,2203295,49.805483973055
6600100,臺中市,中　區,20647,8058,296483,36.793621245967,300279,37.264705882353,278009,34.500992802184,302434,37.532141970712,339174,42.091586001489,315888,39.201787043931
6601500,臺中市,后里區,54089,15124,796496,52.664374504099,855146,56.542316847395,837061,55.34653530812,797604,52.737635546152,933685,61.73532134356,826300,54.635017191219
6601100,臺中市,大甲區,77986,22118,824899,37.295370286644,915407,41.387422009223,819088,37.032643096121,823386,37.226964463333,914615,41.351614069988,870185,39.342842933357
6601300,臺中市,沙鹿區,84797,25472,1001152,39.304020100503,1063622,41.756516959799,959125,37.654090766332,1007616,39.557788944724,1077421,42.298249057789,1069196,41.975345477387
6601600,臺中市,神岡區,64534,18215,960862,52.751139171013,1051510,57.727696953061,880027,48.313313203404,938340,51.5146856986,1036941,56.927861652484,1010246,55.462311281911
6601400,臺中市,梧棲區,55857,16406,803969,49.004571498232,894310,54.511154455687,744417,45.374679995124,738475,45.012495428502,843542,51.416676825552,822024,50.105083506034
6601700,臺中市,潭子區,103516,33754,1559358,46.197724714108,1684894,49.916869111809,1525663,45.199472655093,1549996,45.920364993779,1679016,49.742726787936,1641854,48.641760976477
6602300,臺中市,烏日區,70068,21523,885742,41.15327788877,949424,44.11206616178,851224,39.549505180505,888777,41.294289829485,993792,46.173488825907,947811,44.037123077638
6602600,臺中市,霧峰區,64183,19095,775499,40.612673474732,774993,40.586174391202,722300,37.826656192721,728097,38.130243519246,736197,38.554438334643,775633,40.619691018591
6600800,臺中市,北屯區,252668,87538,3882170,44.348397267472,4153586,47.44894788549,3807116,43.49100961868,3811117,43.536715483561,4106953,46.91623066554,4072620,46.524023852498
6600600,臺中市,西屯區,212750,76920,3994940,51.936297451898,4138962,53.808658346334,3721810,48.385465418617,3903985,50.753835153406,4231272,55.008736349454,4117942,53.535387415497
6601800,臺中市,大雅區,91367,27054,1249103,46.170732608856,1280867,47.344828860797,1156106,42.733274192356,1224708,45.269017520515,1299397,48.029755304206,1281759,47.377799955644
6701900,臺南市,善化區,44619,15424,571575,37.057507780083,612060,39.682313278008,625028,40.523080912863,564939,36.627269190871,614473,39.838757780083,626985,40.649961099585
6703100,臺南市,永康區,224303,78784,3735937,47.419996445979,3842837,48.776870938262,3624981,46.011639419171,3649937,46.328404244517,3809596,48.354945166531,3878873,49.234273456539
6703500,臺南市,安南區,182749,57244,2358573,41.202099783383,2413865,42.168000139753,2121904,37.067710153029,2254541,39.384756481029,2389177,41.736723499406,2394719,41.833537139264
6702000,臺南市,新市區,35187,11190,585315,52.306970509383,603420,53.924932975871,594594,53.136193029491,567742,50.73655049151,581998,52.01054512958,614839,54.945397676497
6702900,臺南市,關廟區,35353,10811,388913,35.973822958098,415498,38.432892424383,374572,34.647303672186,384035,35.522615854223,412683,38.172509481084,400472,37.043011747294
6701800,臺南市,新化區,43940,13984,597110,42.699513729977,651215,46.568578375286,573557,41.015231693364,592584,42.37585812357,634599,45.380363272311,628279,44.92841819222
6703000,臺南市,龍崎區,4325,1591,28668,18.018856065368,34315,21.56819610308,33456,21.028284098052,29089,18.283469516028,34221,21.509113764928,33577,21.104336895035
6702100,臺南市,安定區,30298,9558,358949,37.554823184767,388681,40.665515798284,330208,34.547813350073,348401,36.451245030341,387238,40.514542791379,373466,39.07365557648
6702700,臺南市,仁德區,71270,25629,1234774,48.178781848687,1240851,48.41589605525,1269111,49.518553201451,1221907,47.676733387959,1206944,47.092902571306,1327337,51.790432712942
6701400,臺南市,西港區,25034,7948,265592,33.416205334675,290256,36.519375943634,270056,33.977856064419,269950,33.964519375944,285605,35.934197282335,288139,36.253019627579
6701200,臺南市,佳里區,59289,19805,736122,37.168492804847,789012,39.839030547841,725268,36.620449381469,738464,37.28674577127,776909,39.227922241858,777244,39.244837162333
6703700,臺南市,中西區,78666,30518,1248758,40.918736483387,1307198,42.833671931319,1290488,42.286126220591,1271749,41.672095156957,1328833,43.542597811128,1336460,43.79251589226
6701300,臺南市,學甲區,27414,9658,306959,31.782874301098,344949,35.716400911162,292004,30.234417063574,312534,32.360115966039,332949,34.473907641334,331056,34.277904328018
6703400,臺南市,北　區,132233,49049,2046170,41.716854573997,2153770,43.910579216702,2080064,42.407877836449,2057700,41.951925625395,2146694,43.766315317336,2195942,44.770372484658
6701500,臺南市,七股區,24225,8050,236928,29.432049689441,257266,31.95850931677,242189,30.085590062112,233900,29.055900621118,252597,31.37850931677,264574,32.866335403727
6703200,臺南市,東　區,192972,71718,2919066,40.701999498034,3166962,44.158537605622,2775005,38.69328480995,2869619,40.01253520734,3130562,43.650994171617,3047673,42.49523132268
6700100,臺南市,新營區,78475,27905,1111613,39.835620856477,1194561,42.808134742878,1078029,38.63210894105,1100491,39.437054291346,1181785,42.350295645942,1192773,42.744060204264
6700300,臺南市,白河區,30602,11034,392143,35.539514228748,427415,38.736179082835,377820,34.241435562806,372841,33.790193945985,385773,34.962207721588,399213,36.180261011419
6701000,臺南市,官田區,21912,7717,333915,43.270053129454,348712,45.187508099002,326712,42.336659323571,322189,41.75055073215,344300,44.615783335493,353357,45.789425942724
6700400,臺南市,柳營區,22160,7824,344564,44.03936605317,357923,45.746804703476,364623,46.603144171779,350403,44.785659509202,350170,44.755879345603,379740,48.53527607362
6701100,臺南市,大內區,10537,4026,121608,30.20566318927,130208,32.341778440139,117409,29.162692498758,123747,30.73695976155,131628,32.694485842027,128203,31.843765524093
6702300,臺南市,玉井區,15058,5117,173700,33.945671291773,196078,38.318936877076,175194,34.237639241743,185630,36.277115497362,200526,39.188196208716,196956,38.490521790111
6700600,臺南市,東山區,22529,8285,212904,25.697525648763,247075,29.821967410984,213082,25.719010259505,210874,25.452504526252,238053,28.733011466506,230053,27.767410983705
6703300,臺南市,南　區,126018,44122,1673944,37.938987353248,1777053,40.275894111781,1707774,38.70572503513,1669115,37.829540818639,1745582,39.562621821314,1754776,39.770998594805
6702200,臺南市,山上區,7696,2733,82061,30.0259787779,86957,31.817416758141,89402,32.712038053421,84427,30.891694109038,91705,33.554701792902,97205,35.567142334431
6703600,臺南市,安平區,64348,24001,1046974,43.622099079205,1122202,46.75646848048,1106259,46.09220449148,1041567,43.3968167993,1112291,46.343527353027,1153395,48.056122661556
6702400,臺南市,楠西區,10272,3542,97630,27.563523433089,110364,31.158667419537,110466,31.187464709204,99437,28.073687182383,113085,31.926877470356,115672,32.657255787691
6701600,臺南市,將軍區,21005,7420,175882,23.703773584906,187126,25.219137466307,158676,21.384905660377,187264,25.237735849057,181793,24.500404312668,184636,24.883557951482
6700200,臺南市,鹽水區,26695,10074,340813,33.830950962875,374801,37.204784594004,321482,31.912050823903,329907,32.74836212031,355270,35.266031367878,346394,34.384951359936
6702600,臺南市,左鎮區,5294,1992,54066,27.14156626506,59598,29.918674698795,61880,31.064257028112,53073,26.643072289157,53908,27.062248995984,59959,30.099899598394
6700700,臺南市,麻豆區,45377,15311,661304,43.191430997322,703716,45.961465612958,655503,42.812553066423,637054,41.607602377376,672692,43.935209979753,697767,45.572921429038
6701700,臺南市,北門區,12083,4393,111196,25.312087411791,123305,28.068518096972,111144,25.300250398361,113934,25.93535169588,114741,26.119053038926,127457,29.01365809242
6700800,臺南市,下營區,25612,9146,291105,31.828668270282,314789,34.418215613383,282736,30.913623441942,285656,31.232888694511,302412,33.064946424667,307578,33.629783511918
6700900,臺南市,六甲區,23346,7733,309501,40.023406181301,333687,43.151040993146,315533,40.80343980344,315818,40.840294840295,341104,44.110177162809,338308,43.748609853873
6702500,臺南市,南化區,8814,2830,72982,25.788692579505,74405,26.291519434629,63874,22.570318021201,72512,25.622614840989,72461,25.604593639576,69065,24.404593639576
6700500,臺南市,後壁區,25280,8940,297200,33.24384787472,332083,37.145749440716,280229,31.345525727069,304778,34.091498881432,331402,37.069574944072,323680,36.20581655481
6702800,臺南市,歸仁區,66655,21296,990444,46.50845229151,1057967,49.67914162284,936047,43.95412283997,978579,45.951305409467,1052302,49.413129226146,1037042,48.696562734786
6401200,高雄市,鳳山區,349816,131913,4746717,35.983693798185,5117018,38.790854578396,4723741,35.8095183947,4682549,35.497251976682,5055481,38.324357720619,4907825,37.205013910684
6400800,高雄市,苓雅區,179512,72166,2974682,41.219992794391,3270287,45.316173821467,2811060,38.952692403625,2955716,40.95718205249,3197815,44.311933597539,3066795,42.496397195355
6400500,高雄市,三民區,349710,133194,5513511,41.394589846389,5757877,43.229252068411,5598319,42.03131522441,5489867,41.217074342688,5734966,43.057239815607,5672891,42.591190293857
6400900,高雄市,前鎮區,196246,77282,2902334,37.555109857405,3079504,39.847622991123,2949327,38.163181594679,2915106,37.720374731503,3062280,39.624750912243,2911030,37.667632825237
6400100,高雄市,鹽埕區,26222,11022,476535,43.234893848666,477349,43.308746144075,490511,44.50290328434,477756,43.34567229178,498067,45.18844129922,486546,44.143168209036
6402100,高雄市,燕巢區,30758,10176,673223,66.157920597484,684718,67.287539308176,689324,67.740172955975,654673,64.335003930818,698014,68.594143081761,713472,70.11320754717
6401900,高雄市,岡山區,97587,33994,1458225,42.896540565982,1576231,46.367917867859,1413342,41.576219332823,1423092,41.863034653174,1546056,45.480261222569,1502679,44.204241925046
6401100,高雄市,小港區,155779,65076,1916272,29.446677730653,2060811,31.667757698691,1893668,29.099330014137,1891342,29.063587190362,2050668,31.511893785727,2043734,31.405341446924
6401400,高雄市,大寮區,109780,39667,1272617,32.082511911665,1362766,34.355156679356,1316582,33.19086394232,1272989,32.091889984118,1342449,33.842967706154,1304078,32.875639700507
6403100,高雄市,美濃區,42157,14392,262446,18.235547526404,306440,21.292384658143,263341,18.297734852696,259193,18.009519177321,274370,19.064063368538,274749,19.090397443024
6402500,高雄市,湖內區,29120,10027,466115,46.485987832851,493019,49.169143313055,411159,41.005185997806,413605,41.249127356138,449425,44.821481998604,440710,43.952328712476
6402700,高雄市,永安區,14129,5829,133187,22.849030708526,148160,25.417738891748,114372,19.621204323212,126180,21.646937725167,133180,22.847829816435,132861,22.793103448276
6401300,高雄市,林園區,70383,24965,760503,30.462767875025,760907,30.478950530743,808893,32.40108151412,757256,30.332705788103,797736,31.954175846185,790615,31.668936511116
6402000,高雄市,橋頭區,36962,13016,453689,34.856253841426,495146,38.041333743085,448160,34.431468961278,449357,34.523432698218,481821,37.017593730793,474480,36.453595574677
6402200,高雄市,田寮區,7852,3487,83351,23.903355319759,83838,24.043016919989,89331,25.618296529968,86008,24.665328362489,91729,26.305993690852,86981,24.944364783482
6402300,高雄市,阿蓮區,30033,9318,342438,36.750160978751,381014,40.890105172784,375692,40.318952564928,363941,39.057845031123,380477,40.832474779996,372809,40.009551405881
6402900,高雄市,梓官區,36519,12290,441873,35.953864930838,467129,38.008868999186,435456,35.431733116355,428448,34.861513425549,457510,37.226200162734,446760,36.351505288853
6402800,高雄市,彌陀區,20123,6708,201866,30.093321407275,223925,33.381782945736,201334,30.014013118664,197643,29.463774597496,217566,32.433810375671,209344,31.208109719738
6403300,高雄市,甲仙區,6625,2412,42405,17.580845771144,50722,21.029021558872,42607,17.664593698176,43122,17.878109452736,47296,19.608623548922,46321,19.204394693201
6403400,高雄市,杉林區,12577,4827,56192,11.641185001036,65812,13.634141288585,60802,12.596229542159,60630,12.560596643878,64397,13.340998549824,61221,12.683032939714
6403700,高雄市,桃源區,4559,1349,4290,3.180133432172,4607,3.4151223128243,4142,3.0704225352113,4640,3.4395848776872,4196,3.110452186805,3457,2.5626389918458
6403600,高雄市,茂林區,1839,578,12918,22.349480968858,14988,25.930795847751,12867,22.26124567474,12268,21.22491349481,11562,20.003460207612,12333,21.337370242215
6403800,高雄市,那瑪夏區,3170,881,3614,4.1021566401816,4785,5.4313280363224,3351,3.8036322360953,3038,3.4483541430193,4192,4.7582292849035,3128,3.5505107832009
6403200,高雄市,六龜區,14203,5735,110718,19.30566695728,125202,21.831211857018,109632,19.116303400174,112201,19.564254577158,114754,20.00941586748,117315,20.455972101133
6401600,高雄市,大社區,33766,12114,538837,44.480518408453,564630,46.609707776127,540699,44.634224863794,528903,43.660475482912,549213,45.337048043586,558618,46.113422486379
6403000,高雄市,旗山區,39038,13882,511376,36.837343322288,545782,39.315804639101,506587,36.492364212649,502974,36.232099121164,509960,36.735340729002,520459,37.491643855352
6401000,高雄市,旗津區,29468,10988,360031,32.765835456862,370871,33.752366217692,368273,33.515926465235,350018,31.854568620313,368106,33.500728066982,363861,33.114397524572
6400600,高雄市,新興區,53749,22808,1093071,47.924894773764,1125684,49.354787793757,1131276,49.599964924588,1118460,49.038056822168,1168896,51.249386180288,1154062,50.599000350754
6400700,高雄市,前金區,28250,12567,836738,66.582159624413,884869,70.412111084587,804392,64.008275642556,825297,65.671759369778,913832,72.716797962919,863693,68.727062942628
6401700,高雄市,仁武區,77371,28374,1161667,40.941249030803,1247122,43.952985127229,1196253,42.160181856629,1157212,40.784239092127,1232751,43.446500317192,1214293,42.795975188553
6401500,高雄市,大樹區,43429,13148,455832,34.669303316094,471903,35.89161849711,452467,34.413370854883,462761,35.196303620322,467533,35.559248554913,493460,37.531183449954
6402600,高雄市,茄萣區,30999,10291,376751,36.609756097561,397391,38.615392090176,323879,31.472062967642,342144,33.246914779905,376568,36.591973569138,359937,34.975901272957
6402400,高雄市,路竹區,53145,16324,690488,42.298946336682,732969,44.901310953198,776023,47.538777260475,804883,49.306726292575,823144,50.42538593482,827047,50.66448174467
6400200,高雄市,鼓山區,133964,53984,2039832,37.785862477771,2145963,39.751833876704,1990899,36.8794272377,2041689,37.82026155898,2169352,40.185091879075,2144680,39.728067575578
6403500,高雄市,內門區,15510,5054,189148,37.425405619311,196434,38.86703601108,188459,37.289077958053,172715,34.173921646221,169042,33.447170557974,175542,34.733280569846
6400300,高雄市,左營區,194815,75669,3429005,45.315849290991,3813857,50.40184223394,3403840,44.983282453845,3445142,45.529107031942,3723658,49.209821723559,3589808,47.440933539494
6401800,高雄市,鳥松區,43696,17211,682937,39.680262622741,700982,40.728720004648,640012,37.186218116321,666594,38.730695485445,701701,40.770495613271,692762,40.251118470745
6400400,高雄市,楠梓區,175798,63870,2168913,33.958243306717,2325365,36.407781431032,2087755,32.687568498513,2156219,33.759495850947,2270270,35.545169876311,2304834,36.086331611085
1000203,宜蘭縣,蘇澳鎮,41855,13785,584279,42.385128763148,619668,44.952339499456,530673,38.49640914037,521613,37.839173014146,599018,43.454334421473,580688,42.124628219079
1000209,宜蘭縣,五結鄉,38999,13479,573741,42.56554640552,623123,46.229171303509,533874,39.607834409081,628136,46.601083166407,858367,63.681801320573,599481,44.475183618963
1000205,宜蘭縣,礁溪鄉,36010,12948,388125,29.975671918443,411460,31.777880753784,400213,30.909252394192,386485,29.849011430337,428043,33.058619091752,406375,31.38515600865
1000208,宜蘭縣,冬山鄉,53363,18088,1134253,62.707485625829,1228925,67.941452896948,1145685,63.339506855374,1153545,63.774049093322,1226148,67.787925696594,1167080,64.522335249889
1000202,宜蘭縣,羅東鎮,72468,25442,1117410,43.919896234573,1233439,48.480426067133,1113608,43.770458297304,1125231,44.22730131279,1277459,50.210635956293,1181636,46.444304693027
1000201,宜蘭縣,宜蘭市,96016,34492,1365181,39.579641656036,1487537,43.127014959991,1274349,36.946219413197,1353133,39.230343268004,1520718,44.089006146353,1441824,41.801693146237
1000206,宜蘭縣,壯圍鄉,24551,8315,204384,24.580156343957,220007,26.459049909802,210280,25.289236319904,209895,25.242934455803,229924,27.651713770295,220083,26.46819001804
1000207,宜蘭縣,員山鄉,32106,11058,258255,23.354584915898,297436,26.897811539157,256494,23.195333695062,266478,24.098209441129,311710,28.188641707361,283353,25.624253933804
1000212,宜蘭縣,南澳鄉,5886,1864,41799,22.424356223176,54172,29.062231759657,48844,26.203862660944,49037,26.307403433476,56456,30.287553648069,50904,27.309012875536
1000211,宜蘭縣,大同鄉,5915,1855,28497,15.362264150943,28157,15.17897574124,24836,13.388679245283,25000,13.477088948787,30198,16.279245283019,27685,14.924528301887
1000210,宜蘭縣,三星鄉,21122,7768,238416,30.692070030896,253519,32.636328527291,242244,31.184860968074,244314,31.451338825953,267923,34.490602471679,241166,31.046086508754
1000204,宜蘭縣,頭城鎮,30304,9937,165049,16.609540102647,172510,17.360370333099,167584,16.86464727785,177783,17.891013384321,193720,19.494817349301,185996,18.717520378384
1000302,桃園縣,中壢區,376217,133288,5612134,42.105320809075,5865751,44.008095252386,5335973,40.033408859012,5614527,42.123274413301,6171621,46.302900486165,5999898,45.014539943581
1000301,桃園縣,桃園區,413488,150281,6388396,42.509671881342,6771330,45.057791736813,6220220,41.390594952123,6439907,42.852436435744,7048865,46.904565447395,6797548,45.232251582036
1000307,桃園縣,龜山區,139605,52071,2490303,47.825142593766,2529063,48.569510860172,2419200,46.459641643141,2500578,48.022469320735,2651575,50.922298400261,2659980,51.083712623149
1000306,桃園縣,大園區,82756,27118,1461155,53.881370307545,1540923,56.822885168523,1492198,55.026108120068,1578785,58.21907957814,1798348,66.315657496866,1650494,60.863411756029
1000305,桃園縣,蘆竹區,146779,50991,2445367,47.956835519994,2638100,51.736580965268,2544138,49.893863622992,2565207,50.307054186033,2743014,53.794081308466,2676813,52.495793375302
1000308,桃園縣,八德區,178889,60739,2052280,33.78850491447,2184625,35.967417968686,1976932,32.547983997102,2072162,34.115839905168,2253731,37.105171306739,2190730,36.067929995555
1000312,桃園縣,觀音區,62612,19960,543034,27.206112224449,561901,28.151352705411,551828,27.646693386774,562197,28.166182364729,613841,30.753557114228,610969,30.609669338677
1000311,桃園縣,新屋區,48276,15186,374117,24.635651257737,399517,26.308244435664,392205,25.826748320822,388299,25.569537732122,436060,28.714605557751,418552,27.561701567233
1000313,桃園縣,復興區,10626,3708,23600,6.3646170442287,24394,6.5787486515642,23841,6.4296116504854,24595,6.6329557713053,27395,7.3880798274002,28885,7.7899137001079
1000303,桃園縣,大溪區,91891,30009,907081,30.22696524376,960145,31.995234762904,871632,29.045686294112,902789,30.083941484221,983254,32.765303742211,1028222,34.263787530408
1000310,桃園縣,平鎮區,209552,69270,2335242,33.712169770463,2430174,35.082633174534,2295402,33.13702901689,2358261,34.04447812906,2528989,36.509152591309,2479937,35.801024974737
1000304,桃園縣,楊梅區,154324,51368,1786802,34.784340445413,1967465,38.301374396511,1650854,32.137790063853,1837136,35.764211182059,1961516,38.185562996418,1879801,36.594786637595
1000309,桃園縣,龍潭區,115146,37838,1392599,36.804244410381,1386211,36.635419419631,1291951,34.144272953116,1286840,34.009197103441,1438677,38.02201490565,1389782,36.729795443734
1000405,新竹縣,湖口鄉,76501,24329,813980,33.457191006618,898992,36.9514571088,794636,32.662090509269,813025,33.417937440914,873730,35.91310781372,917670,37.719182868182
1000406,新竹縣,新豐鄉,54427,16562,651443,39.333594976452,669082,40.398623354667,642666,38.803646902548,646546,39.03791812583,682636,41.217002777442,691947,41.779193334138
1000402,新竹縣,竹東鎮,96594,31635,1256750,39.726568673937,1333312,42.146736209894,1221610,38.615773668405,1249057,39.48338865181,1324469,41.867204046151,1297473,41.013845424372
1000403,新竹縣,新埔鎮,34960,10555,281234,26.644623401232,285480,27.046897205116,272421,25.809663666509,274461,26.002936996684,288353,27.319090478446,291165,27.585504500237
1000411,新竹縣,峨眉鄉,5831,2065,54580,26.430992736077,54430,26.358353510896,47753,23.124939467312,48184,23.333656174334,58233,28.2,55727,26.986440677966
1000412,新竹縣,尖石鄉,8964,2783,7920,2.8458498023715,8886,3.1929572403881,7946,2.8551922385914,8056,2.8947179302911,10692,3.8418972332016,8786,3.1570247933884
1000413,新竹縣,五峰鄉,4525,1725,5487,3.1808695652174,5038,2.9205797101449,5228,3.0307246376812,6169,3.576231884058,6447,3.7373913043478,4780,2.7710144927536
1000408,新竹縣,橫山鄉,14013,4485,16029,3.5739130434783,19942,4.4463768115942,18061,4.0269788182832,18414,4.1056856187291,18498,4.1244147157191,17754,3.9585284280936
1000409,新竹縣,北埔鄉,9883,3140,93681,29.834713375796,105904,33.727388535032,88001,28.025796178344,93306,29.715286624204,107732,34.309554140127,101114,32.201910828025
1000407,新竹縣,芎林鄉,20354,6376,181317,28.437421580928,195364,30.640526976161,177165,27.786229611041,175153,27.470671267252,189291,29.688048933501,188964,29.636762860728
1000410,新竹縣,寶山鄉,14085,4954,175378,35.401291885345,189069,38.164917238595,174177,35.15886152604,197959,39.959426725878,217869,43.978401291885,439591,88.734557932983
1000404,新竹縣,關西鎮,31239,9477,236015,24.903978052126,255611,26.971721008758,225293,23.7726073652,234310,24.724068798143,257960,27.219584256621,252623,26.656431360135
1000401,新竹縣,竹北市,152617,52390,1954699,37.310536361901,2003402,38.240160335942,1883823,35.957682763886,1943869,37.103817522428,2129128,40.639969459821,2112280,40.318381370491
1000501,苗栗縣,苗栗市,91007,29969,1305252,43.553405185358,1380198,46.054189328973,1276826,42.604891721445,1299596,43.364676832727,1397298,46.624778938236,1356598,45.266708932564
1000514,苗栗縣,西湖鄉,7748,2717,62566,23.027603974972,71227,26.215311004785,65408,24.073610599926,67879,24.983069562017,73380,27.007729112992,71153,26.188075082812
1000512,苗栗縣,頭屋鄉,11454,3591,62161,17.310219994431,69943,19.477304372041,63149,17.585352269563,64590,17.986633249791,72820,20.278473962684,69710,19.412419938736
1000510,苗栗縣,銅鑼鄉,19178,6077,155273,25.550929735067,166135,27.338324831331,154299,25.39065328287,172524,28.389665953596,183931,30.266743458944,181736,29.905545499424
1000505,苗栗縣,頭份鎮,99993,31373,1382479,44.065884677908,1460081,46.53941287094,1379969,43.985879577981,1403529,44.736843782871,1510966,48.161348930609,1486850,47.392662480477
1000517,苗栗縣,獅潭鄉,4777,1719,606,0.35253054101222,917,0.53344968004654,588,0.34205933682373,682,0.39674229203025,1101,0.64048865619546,996,0.57940663176265
1000511,苗栗縣,南庄鄉,10863,3987,36314,9.1081013293203,40983,10.279157261099,38142,9.5665914221219,38692,9.7045397542012,41851,10.496864810635,39137,9.8161524956107
1000503,苗栗縣,通霄鎮,37449,11504,258445,22.465664116829,281594,24.477920723227,242419,21.072583449235,254916,22.158901251739,279616,24.305980528512,283316,24.627607788595
1000518,苗栗縣,泰安鄉,5892,1974,1160,0.58763931104357,1563,0.79179331306991,2076,1.0516717325228,1158,0.58662613981763,1129,0.57193515704154,969,0.49088145896657
1000515,苗栗縣,造橋鄉,13626,4085,204722,50.115544675643,191018,46.760832313341,188498,46.14394124847,189208,46.317747858017,165281,40.460465116279,185856,45.497184822521
1000516,苗栗縣,三灣鄉,7191,2432,64855,26.667351973684,68426,28.135690789474,54583,22.443667763158,60423,24.844983552632,68110,28.005756578947,64950,26.706414473684
1000508,苗栗縣,大湖鄉,15798,5402,136280,25.227693446872,156650,28.998519067012,134270,24.855609033691,136899,25.342280636801,143380,26.542021473528,143169,26.502961865976
1000507,苗栗縣,卓蘭鎮,18480,6106,161241,26.406976744186,172007,28.170160497871,153210,25.091713069112,155129,25.40599410416,166389,27.250081886669,170667,27.950704225352
1000506,苗栗縣,後龍鎮,38777,11864,281766,23.749662845583,298931,25.196476736345,268240,22.609575185435,280632,23.654079568442,307700,25.935603506406,299731,25.26390761969
1000509,苗栗縣,公館鄉,34932,10486,72475,6.9115964142666,84945,8.1008010680908,70984,6.7694068281518,73605,7.0193591455274,81687,7.7901010871638,77081,7.3508487507152
1000502,苗栗縣,苑裡鎮,48452,14135,229340,16.22497347011,256053,18.114821365405,224173,15.859426954369,225463,15.950689777149,274535,19.422355854262,256285,18.131234524231
1000513,苗栗縣,三義鄉,17495,5409,172003,31.799408393418,180889,33.442225919763,158395,29.283601405066,167374,30.943612497689,189717,35.074320576816,180540,33.377703826955
1000504,苗栗縣,竹南鎮,80864,25574,1325494,51.829748963791,1383684,54.105106749042,1258765,49.220497380152,1322589,51.716157034488,1349935,52.785446156252,1252730,48.984515523579
1000701,彰化縣,彰化市,236636,73818,2940506,39.834539001328,3163519,42.855658511474,2885298,39.08664553361,2945261,39.898954184616,3127472,42.367335880138,3030281,41.050705789916
1000710,彰化縣,員林市,125141,37639,1672548,44.436568452934,1797750,47.762958633332,1594623,42.366242461277,1633180,43.390632057175,1776533,47.199261404394,1727710,45.902122798161
1000706,彰化縣,福興鄉,48182,12302,528481,42.958949764266,597797,48.59348073484,504264,40.990408063729,510755,41.518045846204,568618,46.221589985368,549165,44.640302389855
1000719,彰化縣,北斗鎮,33280,10206,436548,42.77366255144,489675,47.979129923574,419266,41.08034489516,430990,42.229080932785,466686,45.726631393298,455252,44.606310013717
1000726,彰化縣,溪州鄉,31183,8807,306971,34.855342341319,342081,38.841943908255,302869,34.38957647326,298701,33.916316566368,329056,37.363006699217,326618,37.086181446577
1000717,彰化縣,社頭鄉,44211,12561,487972,38.848180877319,546271,43.489451476793,469557,37.38213518032,471896,37.56834646923,514359,40.948889419632,499866,39.795080009553
1000703,彰化縣,和美鎮,90298,25032,985212,39.358101629914,1083970,43.303371684244,961850,38.424816235219,978017,39.070669542985,1055234,42.155401086609,1030582,41.170581655481
1000722,彰化縣,埤頭鄉,31415,8783,313416,35.684390299442,351095,39.9743823295,317241,36.119890697939,310545,35.357508823864,336958,38.364795627918,335755,38.227826482978
1000714,彰化縣,埔鹽鄉,33712,8927,297420,33.316903775064,338754,37.947126694298,284958,31.920914080878,290197,32.507785370225,325111,36.418841716142,308608,34.570180351742
1000712,彰化縣,田中鎮,43428,12753,487508,38.226926997569,540543,42.385556339685,473230,37.107347290834,474346,37.194856112287,519463,40.732611934447,502338,39.389790637497
1000716,彰化縣,永靖鄉,38718,10619,335041,31.551087673039,381841,35.958282324136,317265,29.877107072229,328627,30.947075995856,360633,33.961107448912,349721,32.93351539693
1000720,彰化縣,二林鎮,53198,14572,511248,35.084271205051,571296,39.205050782322,483094,33.152209717266,504085,34.592712050508,552744,37.931924238265,543697,37.311076036234
1000723,彰化縣,芳苑鄉,35337,10053,298945,29.736894459365,325802,32.408435292947,303088,30.149010245698,293686,29.213767034716,319356,31.767233661594,309784,30.815080075599
1000708,彰化縣,花壇鄉,46017,13291,470239,35.380257316981,519680,39.100142953879,449660,33.831916334362,467193,35.151079677978,507991,38.220675645173,487770,36.69927018283
1000704,彰化縣,線西鄉,17056,4186,89524,21.386526516961,104985,25.080028666985,90272,21.565217391304,91829,21.937171524128,102843,24.568322981366,98177,23.453655040612
1000702,彰化縣,鹿港鎮,85858,23093,983224,42.576711557615,1078823,46.716450872559,987005,42.740440826224,966395,41.847962586065,1041174,45.086129996103,1011751,43.812020958732
1000707,彰化縣,秀水鄉,39429,10117,430572,42.559256696649,462443,45.709498863299,437339,43.228130868835,427088,42.214885835722,447970,44.27893644361,455055,44.979242858555
1000709,彰化縣,芬園鄉,24457,6886,35070,5.0929422015684,38143,5.5392099912867,30661,4.4526575660761,32374,4.7014231774615,36658,5.32355503921,35893,5.2124600638978
1000715,彰化縣,埔心鄉,35186,10174,416898,40.976803617063,454216,44.644780813839,418626,41.146648319245,416082,40.896599174366,440682,43.314527226263,427642,42.032828779241
1000705,彰化縣,伸港鄉,36037,9251,264532,28.594962706734,291817,31.544373581234,260768,28.188087774295,264134,28.551940330775,288627,31.199545995028,284350,30.737217598098
1000713,彰化縣,大村鄉,36469,10512,406528,38.672754946728,429593,40.866914003044,417590,39.725076103501,405316,38.557458143075,434226,41.307648401826,428422,40.755517503805
1000711,彰化縣,溪湖鎮,55899,15591,591723,37.952857417741,655444,42.039894811109,575229,36.894939388109,582732,37.376178564556,623037,39.961323840677,626081,40.156564684754
1000721,彰化縣,田尾鄉,28050,7751,267201,34.47310024513,298540,38.516320474777,266427,34.373242162302,265255,34.22203586634,285410,36.822345503806,279648,36.078957553864
1000724,彰化縣,大城鄉,18337,5392,150267,27.868508902077,170479,31.617025222552,154150,28.588649851632,148175,27.480526706231,161089,29.875556379822,153838,28.530786350148
1000718,彰化縣,二水鄉,16133,5354,163447,30.528016436309,182089,34.009899140829,152223,28.431639895405,156973,29.3188270452,169297,31.620657452372,164491,30.723010833022
1000725,彰化縣,竹塘鄉,16201,4633,130585,28.185840707965,146458,31.611914526225,116700,25.188862508094,126476,27.298942369955,134820,29.09993524714,136264,29.411612346212
1000811,南投縣,水里鄉,19341,7275,171966,23.63793814433,194182,26.691683848797,173841,23.895670103093,169653,23.32,186159,25.588865979381,180378,24.794226804124
1000806,南投縣,名間鄉,40682,12405,479966,38.69133413946,524335,42.268037081822,474109,38.219185812173,448719,36.172430471584,485924,39.171624345022,532305,42.910519951632
1000812,南投縣,信義鄉,16802,5261,28176,5.3556358106824,30131,5.7272381676487,30699,5.8352024329975,28510,5.4191218399544,36753,6.9859342330355,31393,5.9671165177723
1000808,南投縣,中寮鄉,15901,5667,90889,16.038291865184,103188,18.20857596612,90360,15.944944415034,87855,15.502911593436,99991,17.644432680431,103905,18.335097935416
1000804,南投縣,竹山鎮,57560,19783,508989,25.728605368245,581481,29.392963655664,498352,25.190921498256,523117,26.442753879594,551493,27.877116716373,540306,27.311631198504
1000805,南投縣,集集鎮,11576,4344,151832,34.95211786372,166503,38.329419889503,151105,34.784760589319,150466,34.637661141805,170687,39.29258747698,162930,37.506906077348
1000807,南投縣,鹿谷鄉,18878,7164,116271,16.229899497487,133578,18.645728643216,117604,16.415968732552,115725,16.153685092127,123461,17.233528754886,124100,17.322724734785
1000813,南投縣,仁愛鄉,15585,4932,20581,4.1729521492295,20912,4.2400648824006,23020,4.6674776966748,21829,4.4259935117599,18623,3.7759529602595,22697,4.6019870235199
1000810,南投縣,國姓鄉,20165,7278,92461,12.704176971696,99555,13.678895300907,85972,11.81258587524,85535,11.752541907117,95585,13.133415773564,93470,12.842813959879
1000803,南投縣,草屯鎮,99374,31831,1278608,40.168640633345,1382052,43.418428575917,1235360,38.809965128334,1255697,39.448870597845,1350261,42.419685212529,1358762,42.686751908517
1000809,南投縣,魚池鄉,16747,5776,211248,36.573407202216,225106,38.972645429363,205328,35.548476454294,211608,36.635734072022,237831,41.175727146814,226322,39.183171745152
1000802,南投縣,埔里鎮,84300,28756,991522,34.480525803311,1065489,37.052754207818,940847,32.718284879677,949160,33.007372374461,1002411,34.859194602865,1007554,35.038044234247
1000801,南投縣,南投市,103285,33926,1503323,44.311825738372,1605035,47.309880327772,1434576,42.285444791605,1440256,42.452868006838,1570408,46.289217709132,1517931,44.74240995107
1000906,雲林縣,北港鎮,42257,15786,601210,38.085012035981,666634,42.229443810972,605630,38.3650069682,596607,37.793424553402,622880,39.457747371088,598160,37.891802863297
1000917,雲林縣,元長鄉,28002,9429,295700,31.360695725952,338667,35.917594654788,291289,30.892883656803,289068,30.657333757556,317706,33.694559338212,302407,32.072011878248
1000920,雲林縣,水林鄉,27828,10374,253119,24.399363794101,294101,28.349816849817,246566,23.767688451899,251613,24.254193175246,271209,26.143146327357,266724,25.710815500289
1000918,雲林縣,四湖鄉,25907,9086,236920,26.075280651552,279297,30.739269205371,228695,25.170041822584,231733,25.504402377284,255981,28.173123486683,250661,27.587607307946
1000914,雲林縣,東勢鄉,16100,5807,164585,28.342517651111,193660,33.349405889444,157073,27.048906492165,166704,28.707422076804,183252,31.557086275185,176483,30.391424143275
1000911,雲林縣,二崙鄉,29060,8879,309842,34.896046852123,349869,39.404099560761,296702,33.416150467395,305161,34.368847843226,328072,36.949205991666,325672,36.678905282126
1000912,雲林縣,崙背鄉,26570,8474,324522,38.29620014161,362395,42.765518055228,315657,37.250059004012,328542,38.770592400283,357636,42.203917866415,355774,41.984186924711
1000915,雲林縣,褒忠鄉,13869,4393,171083,38.944457090826,192777,43.882768040064,182309,41.499886182563,176646,40.210789893012,192928,43.917140905987,184493,41.997040746642
1000908,雲林縣,大埤鄉,20582,6767,222325,32.854292891976,261484,38.641052164918,219954,32.503916063248,224762,33.214422934831,245097,36.219447317866,238754,35.282104329836
1000904,雲林縣,西螺鎮,47791,14232,656347,46.11769252389,726077,51.017214727375,650654,45.717678471051,664100,46.662450815065,716086,50.315205171445,712176,50.040472175379
1000902,雲林縣,斗南鎮,46570,15535,641954,41.323076923077,714641,46.001995494046,642527,41.359961377535,647877,41.704345027358,691435,44.508207273898,687904,44.280914065014
1000909,雲林縣,莿桐鄉,29906,9187,354706,38.609556982693,386061,42.022531838467,336499,36.627734842713,350843,38.189071514096,374884,40.805921410689,371892,40.480243822793
1000919,雲林縣,口湖鄉,29646,9694,234694,24.210233133897,275321,28.401175985145,236209,24.366515370332,232249,23.958015267176,258724,26.689086032597,248125,25.595729317103
1000916,雲林縣,臺西鄉,25068,8850,227547,25.711525423729,261411,29.537966101695,213890,24.168361581921,221366,25.013107344633,242968,27.454011299435,236206,26.689943502825
1000907,雲林縣,古坑鄉,33280,10833,356884,32.944152127758,391339,36.124711529586,352699,32.557832548694,365286,33.71974522293,383909,35.438844272131,383483,35.39951998523
1000910,雲林縣,林內鄉,19352,5856,223728,38.204918032787,241774,41.286543715847,211069,36.043203551913,214252,36.58674863388,229090,39.12056010929,234759,40.08862704918
1000901,雲林縣,斗六市,107727,36062,1959069,54.325023570517,2046260,56.742831789696,1878590,52.093339249071,1908195,52.914286506572,2026387,56.191753091897,2022032,56.070988852532
1000905,雲林縣,土庫鎮,29957,8990,355507,39.544716351502,397147,44.176529477197,353053,39.271746384872,349732,38.90233592881,374821,41.693103448276,372525,41.437708565072
1000913,雲林縣,麥寮鄉,41096,13352,480511,35.987941881366,532333,39.86915817855,465981,34.899715398442,489003,36.623951467945,533330,39.943828639904,526483,39.431021569802
1000903,雲林縣,虎尾鎮,70423,23415,1235461,52.763655776212,1285173,54.886739269699,1209365,51.649156523596,1197262,51.132265641683,1273919,54.406107196242,1309331,55.918471065556
1001008,嘉義縣,六腳鄉,25356,9132,249641,27.336946999562,284225,31.124069207184,244622,26.787341217696,247520,27.104686815594,264636,28.978975032852,264732,28.989487516426
1001011,嘉義縣,鹿草鄉,16832,5846,171846,29.395484091687,197190,33.730756072528,171148,29.276086212795,176000,30.106055422511,186635,31.925248032843,183578,31.40232637701
1001007,嘉義縣,新港鄉,33830,10496,368838,35.14081554878,363798,34.660632621951,395570,37.68769054878,370477,35.29697027439,395991,37.727801067073,381296,36.327743902439
1001005,嘉義縣,民雄鄉,72286,23498,1107925,47.149757426164,1122934,47.788492637671,1071790,45.611966975913,1087020,46.26010724317,1095652,46.627457655971,1137070,48.390075751128
1001012,嘉義縣,水上鄉,51497,17608,662412,37.619945479328,725611,41.209166288051,648622,36.836778736938,662933,37.64953430259,704386,40.003748296229,689876,39.179691049523
1001006,嘉義縣,溪口鄉,15823,5444,155583,28.578802351212,212779,39.085047759001,153951,28.27902277737,153344,28.1675238795,161314,29.631520940485,164592,30.233651726672
1001018,嘉義縣,阿里山鄉,5702,1925,20095,10.438961038961,19293,10.022337662338,22604,11.742337662338,17503,9.0924675324675,20310,10.550649350649,19321,10.036883116883
1001001,嘉義縣,太保市,36946,11775,473228,40.189214437367,493463,41.907685774947,483039,41.022420382166,470082,39.922038216561,496244,42.143864118896,496944,42.203312101911
1001016,嘉義縣,番路鄉,12227,4246,87897,20.701130475742,94258,22.199246349505,99917,23.53203014602,93975,22.132595383891,100660,23.707018370231,100166,23.59067357513
1001015,嘉義縣,梅山鄉,20842,6759,118913,17.593283030034,130246,19.270010356562,122509,18.125314395621,120485,17.825861813878,123460,18.266015682793,122947,18.190116881195
1001017,嘉義縣,大埔鄉,4547,1923,21136,10.991159646386,21696,11.282371294852,22610,11.757670306812,19667,10.227249089964,20928,10.882995319813,22337,11.615704628185
1001004,嘉義縣,大林鎮,32917,11396,481017,42.209283959284,502604,44.103545103545,470068,41.248508248508,492172,43.188136188136,541297,47.498859248859,527551,46.292646542647
1001009,嘉義縣,東石鄉,26713,9504,247640,26.056397306397,272772,28.700757575758,223888,23.557239057239,244131,25.687184343434,261229,27.486216329966,258961,27.24757996633
1001010,嘉義縣,義竹鄉,20158,7533,187046,24.830213726271,202652,26.901898314085,175007,23.232045665737,185425,24.615027213594,195634,25.970264170981,195264,25.921146953405
1001002,嘉義縣,朴子市,43855,15123,620179,41.008992924684,647326,42.804073265886,606322,40.092706473583,611576,40.440124313959,634678,41.967731270251,655616,43.352244924949
1001014,嘉義縣,竹崎鄉,37923,11518,276749,24.02752213926,304871,26.469091856225,274670,23.84702205244,271763,23.594634485154,296108,25.708282687967,297202,25.803264455635
1001003,嘉義縣,布袋鎮,29244,10194,310907,30.499019030802,331926,32.560918187169,302131,29.638120463017,295340,28.97194428095,324161,31.799195605258,332624,32.629389837159
1001013,嘉義縣,中埔鄉,47025,15756,461408,29.284589997461,501602,31.835618177202,452153,28.697194719472,457390,29.029576034527,480483,30.495239908606,473305,30.039667428281
1001325,屏東縣,枋山鄉,5855,2125,33979,15.990117647059,44132,20.768,38712,18.217411764706,37536,17.664,39286,18.487529411765,37902,17.836235294118
1001318,屏東縣,崁頂鄉,16680,4354,42378,9.7331189710611,49456,11.358750574185,42857,9.8431327514929,50512,11.601286173633,53472,12.281120808452,53571,12.3038585209
1001313,屏東縣,內埔鄉,57070,18160,66666,3.6710352422907,59792,3.2925110132159,50123,2.760077092511,49274,2.7133259911894,57506,3.1666299559471,82137,4.5229625550661
1001307,屏東縣,麟洛鄉,11301,3648,42022,11.519188596491,45439,12.45586622807,44868,12.299342105263,44368,12.162280701754,46978,12.87774122807,45817,12.559484649123
1001330,屏東縣,來義鄉,7651,2214,47545,21.474706413731,61768,27.898825654923,58354,26.356820234869,54301,24.526196928636,64550,29.155374887082,58531,26.436766034327
1001333,屏東縣,牡丹鄉,4836,1897,26602,14.023194517659,37449,19.741170268846,32772,17.27569847127,34618,18.248813916711,36417,19.197153400105,32764,17.271481286241
1001323,屏東縣,車城鄉,9196,3485,161953,46.471449067432,193561,55.541176470588,171524,49.217790530846,178413,51.194548063128,190524,54.669727403156,188390,54.057388809182
1001302,屏東縣,潮州鎮,55205,18637,16658,0.89381338198208,19597,1.051510436229,16888,0.90615442399528,16887,0.90610076729087,18214,0.97730321403659,18112,0.97183023018726
1001305,屏東縣,萬丹鄉,53125,14586,64098,4.3944878650761,70414,4.8275058275058,65372,4.4818318935966,61590,4.2225421637186,67875,4.6534348004936,68652,4.7067050596462
1001310,屏東縣,鹽埔鄉,26802,7803,2069,0.26515442778419,3170,0.40625400486992,2509,0.32154299628348,2091,0.26797385620915,2058,0.2637447135717,2016,0.25836216839677
1001327,屏東縣,霧臺鄉,3106,1026,1931,1.8820662768031,10167,9.9093567251462,9580,9.3372319688109,9198,8.9649122807018,9244,9.009746588694,9294,9.0584795321637
1001308,屏東縣,九如鄉,22563,6695,0,0,0,0,0,0,0,0,0,0,0,0
1001328,屏東縣,瑪家鄉,6584,1949,49580,25.4386865059,54029,27.721395587481,53438,27.418163160595,54533,27.979989738327,53252,27.322729604926,54775,28.104155977424
1001317,屏東縣,新園鄉,37429,11658,342525,29.381111682964,391039,33.542545891233,330567,28.355378281009,330519,28.351260936696,357226,30.642134156802,340927,29.244038428547
1001312,屏東縣,萬巒鄉,21391,6454,3227,0.5,3586,0.55562441896498,3437,0.53253796095445,3641,0.56414626588162,4138,0.64115277347381,4011,0.62147505422993
1001309,屏東縣,里港鄉,26282,8009,3182,0.39730303408665,4596,0.57385441378449,3126,0.39031090023723,2728,0.34061680609315,2825,0.3527281807966,2977,0.37170682981646
1001326,屏東縣,三地門鄉,7522,2228,22554,10.122980251346,33178,14.891382405745,35006,15.711849192101,32440,14.560143626571,36979,16.597396768402,36265,16.276929982047
1001314,屏東縣,竹田鄉,18041,5629,5979,1.0621780067508,6322,1.1231124533665,6002,1.0662639900515,6262,1.1124533664949,5105,0.90691064132173,5588,0.99271629063777
1001316,屏東縣,枋寮鄉,25971,8557,107392,12.550192824588,128800,15.052004207082,121743,14.227299287133,110518,12.915507771415,124999,14.607806474232,115787,13.531260955943
1001315,屏東縣,新埤鄉,10373,3395,14582,4.2951399116348,16398,4.8300441826215,13313,3.9213549337261,14452,4.2568483063328,14972,4.4100147275405,13853,4.080412371134
1001320,屏東縣,南州鄉,11276,3663,14178,3.8705978705979,17179,4.6898716898717,15042,4.1064701064701,17618,4.8097188097188,16769,4.5779415779416,21810,5.954135954136
1001331,屏東縣,春日鄉,4831,1327,41818,31.513187641296,43303,32.632253202713,36455,27.471740768651,39454,29.731725697061,42119,31.74001507159,38184,28.774679728711
1001329,屏東縣,泰武鄉,5062,1241,15502,12.491539081386,22321,17.986301369863,22849,18.411764705882,24557,19.788074133763,22343,18.004029008864,21660,17.453666398066
1001306,屏東縣,長治鄉,30600,9882,28473,2.881299332119,28362,2.8700667880996,26804,2.7124063954665,25685,2.5991702084598,28248,2.8585306618094,27562,2.7891115158875
1001321,屏東縣,佳冬鄉,20799,7130,72072,10.108274894811,85192,11.948387096774,77991,10.938429172511,80075,11.230715287518,86436,12.12286115007,81790,11.471248246844
1001332,屏東縣,獅子鄉,4789,1495,14349,9.5979933110368,21887,14.640133779264,23402,15.653511705686,21485,14.371237458194,22157,14.820735785953,21534,14.404013377926
1001324,屏東縣,滿州鄉,8243,3051,54331,17.807604064241,51862,16.998361193051,45822,15.018682399213,43178,14.152081284825,51119,16.754834480498,49997,16.387086201245
1001322,屏東縣,琉球鄉,12145,4057,93237,22.981759921124,104679,25.80207049544,93310,22.999753512448,94963,23.407197436529,112847,27.815380823268,112635,27.763125462164
1001319,屏東縣,林邊鄉,19909,7102,171952,24.211771332019,202672,28.537313432836,162125,22.828076598141,159246,22.422697831597,177244,24.95691354548,172114,24.234581807941
1001304,屏東縣,恆春鎮,30758,11058,618413,55.924489057696,721992,65.291372761801,742439,67.140441309459,799439,72.295080484717,889363,80.427111593417,787154,71.18412009405
1001311,屏東縣,高樹鄉,25999,9443,220655,23.367044371492,251274,26.609552049137,220547,23.35560732818,218007,23.086625013237,235444,24.933178015461,222928,23.607751773801
1001301,屏東縣,屏東市,207862,72940,2122315,29.096723334247,2304751,31.597902385522,2092656,28.690101453249,2111581,28.949561283247,2231254,30.590265972032,2222886,30.475541540993
1001303,屏東縣,東港鎮,49185,16036,701839,43.766462958344,764278,47.660139685707,700185,43.663320029933,689596,43.002993265153,756137,47.152469443752,737504,45.990521327014
1001401,臺東縣,臺東市,107720,38461,1521306,39.554509763137,1689930,43.938795143132,1517932,39.466784534983,1531657,39.823639530953,1704071,44.306466290528,1623591,42.213956995398
1001404,臺東縣,卑南鄉,17834,6635,146898,22.13986435569,169606,25.562321024868,151308,22.804521477016,151579,22.845365486059,170094,25.635870384326,155943,23.503089675961
1001402,臺東縣,成功鎮,15253,5425,132576,24.43797235023,150260,27.697695852535,124289,22.910414746544,126095,23.24331797235,150639,27.767557603687,142589,26.283686635945
1001416,臺東縣,蘭嶼鄉,4870,1631,12708,7.7915389331698,13710,8.405885959534,12747,7.8154506437768,15666,9.6051502145923,14628,8.9687308399755,11282,6.9172286940527
1001410,臺東縣,大武鄉,6632,2511,51662,20.574273197929,58793,23.414177618479,50625,20.161290322581,51773,20.618478693748,64188,25.562724014337,55486,22.097172441258
1001407,臺東縣,東河鄉,9108,3727,44500,11.93989804132,52332,14.041320096592,43283,11.613361953314,43119,11.569358733566,52702,14.14059565334,48813,13.097129058224
1001415,臺東縣,達仁鄉,3832,1491,19201,12.8779342723,22771,15.272300469484,17909,12.011401743796,20709,13.889336016097,22692,15.219315895372,20915,14.027498323273
1001411,臺東縣,綠島鄉,3462,1062,25036,23.574387947269,24915,23.460451977401,23668,22.286252354049,34485,32.471751412429,43668,41.118644067797,33522,31.564971751412
1001414,臺東縣,金峰鄉,3520,1078,30053,27.878478664193,32136,29.810760667904,32100,29.777365491651,29864,27.703153988868,33226,30.821892393321,30182,27.99814471243
1001409,臺東縣,太麻里鄉,11669,4570,99283,21.724945295405,110738,24.231509846827,98252,21.499343544858,101711,22.256236323851,113337,24.800218818381,106599,23.325820568928
1001403,臺東縣,關山鎮,9425,3254,85971,26.420098340504,97673,30.016287645974,81929,25.177934849416,84701,26.029809465274,95716,29.414874001229,97888,30.082360172096
1001406,臺東縣,池上鄉,8824,3288,96790,29.437347931873,114053,34.687652068127,102638,31.215936739659,106671,32.442518248175,111462,33.899635036496,97782,29.739051094891
1001413,臺東縣,延平鄉,3551,1067,16272,15.250234301781,18128,16.989690721649,15008,14.065604498594,16677,15.629803186504,17613,16.507029053421,16382,15.353327085286
1001405,臺東縣,鹿野鄉,8304,3136,83876,26.746173469388,92926,29.632015306122,79363,25.307079081633,80919,25.80325255102,96497,30.770727040816,88967,28.369579081633
1001408,臺東縣,長濱鄉,7869,2908,45157,15.528541953232,47934,16.483493810179,38742,13.322558459422,43105,14.822902338377,48655,16.731430536451,46772,16.083906464924
1001412,臺東縣,海端鄉,4379,1098,11723,10.676684881603,9851,8.971766848816,7439,6.7750455373406,9139,8.3233151183971,11603,10.567395264117,10308,9.3879781420765
1001504,花蓮縣,新城鄉,20131,7397,311385,42.096120048668,338994,45.828579153711,300960,40.686764904691,307076,41.513586589158,354276,47.894551845343,338989,45.827903204002
1001509,花蓮縣,瑞穗鄉,12372,4673,107985,23.108281617804,123303,26.386261502247,106097,22.704258506313,107136,22.926599614808,126489,27.068050502889,125889,26.939653327627
1001503,花蓮縣,玉里鎮,26055,8912,192312,21.578994614004,221351,24.837410233393,192601,21.611422800718,189606,21.275359066427,214988,24.123429084381,194193,21.790058348294
1001507,花蓮縣,光復鄉,13613,5026,123923,24.656386788699,150726,29.989255869479,120609,23.9970155193,127138,25.296060485476,143322,28.516116195782,140672,27.988857938719
1001511,花蓮縣,秀林鄉,15167,4708,112312,23.855564995752,119453,25.372344944775,112654,23.928207306712,114191,24.254672897196,142427,30.25212404418,132030,28.04375531011
1001513,花蓮縣,卓溪鄉,6184,1658,6090,3.6731001206273,7959,4.8003618817853,5463,3.294933655006,6111,3.6857659831122,8338,5.0289505428227,8133,4.9053075995175
1001508,花蓮縣,豐濱鄉,4668,1766,30463,17.249716874292,29011,16.4275198188,32052,18.149490373726,32471,18.386749716874,38185,21.622310305776,36503,20.669875424689
1001512,花蓮縣,萬榮鄉,6612,2097,16332,7.7882689556509,18707,8.9208392942299,16327,7.7858845970434,17161,8.1835956127802,21708,10.351931330472,18491,8.8178350023844
1001510,花蓮縣,富里鄉,11189,4023,73313,18.223465075814,82356,20.471290082028,75229,18.69972657221,75172,18.685558041263,90170,22.413621675367,83063,20.647029579915
1001501,花蓮縣,花蓮市,108077,41000,1442551,35.184170731707,1494712,36.456390243902,1374521,33.524902439024,1432836,34.947219512195,1590079,38.782414634146,1486740,36.261951219512
1001502,花蓮縣,鳳林鎮,11532,4411,136699,30.990478349581,152068,34.474722285196,146425,33.19542053956,135479,30.713897075493,151466,34.338245295851,137442,31.158920879619
1001505,花蓮縣,吉安鄉,81325,30107,1063666,35.329524695254,1111984,36.934400637725,1017938,33.810675258246,1043802,34.669744577673,1159667,38.518185139669,1062548,35.292390473976
1001506,花蓮縣,壽豐鄉,18265,6873,421176,61.279790484505,395226,57.504146660847,393289,57.222319220137,416042,60.532809544595,481810,70.101847810272,480746,69.947039138659
1001603,澎湖縣,白沙鄉,9491,3215,83794,26.063452566096,88654,27.575116640747,81392,25.31632970451,92787,28.86065318818,107386,33.401555209953,100143,31.14867807154
1001604,澎湖縣,西嶼鄉,8354,2904,83803,28.857782369146,92538,31.865702479339,87094,29.991046831956,84610,29.135674931129,98529,33.928719008264,87752,30.217630853994
1001602,澎湖縣,湖西鄉,13915,5022,112573,22.415969733174,115946,23.087614496217,109687,21.841298287535,115507,23.000199123855,129524,25.79131819992,123914,24.674233373158
1001605,澎湖縣,望安鄉,4995,1987,13052,6.5686965274283,13530,6.8092601912431,14906,7.5017614494212,14841,7.4690488173125,18225,9.1721187720181,15748,7.9255158530448
1001606,澎湖縣,七美鄉,3598,1298,27196,20.952234206471,28454,21.921417565485,29389,22.641756548536,28067,21.623266563945,36560,28.166409861325,35514,27.360554699538
1001601,澎湖縣,馬公市,58490,21745,762000,35.042538514601,782002,35.962382156818,771153,35.463462865026,829948,38.167302828236,899795,41.379397562658,852854,39.220694412509
1001706,基隆市,安樂區,82285,31942,1328215,41.582086281385,1398540,43.783733016092,1355840,42.446935069814,1342943,42.043171999249,1456588,45.601026861186,1411146,44.178385824307
1001704,基隆市,仁愛區,47741,19666,755874,38.435574087257,826493,42.026492423472,728276,37.032238380962,771706,39.240618326045,885508,45.027356859555,838545,42.639326756839
1001707,基隆市,信義區,51245,20487,814828,39.772929174599,898850,43.874164104066,764275,37.30536437741,818318,39.943281105091,921598,44.984526773076,873720,42.647532581637
1001702,基隆市,七堵區,54217,20438,767594,37.557197377434,838428,41.022996379293,781101,38.218074175555,808970,39.581661610725,896794,43.87875525981,859246,42.041589196595
1001701,基隆市,中正區,54020,22263,1019803,45.807079010017,1068626,48.000089835152,971842,43.652787135606,1045546,46.963392175358,1109132,49.819521178637,1088894,48.910479270539
1001703,基隆市,暖暖區,37851,14724,540414,36.70293398533,571758,38.831703341483,567120,38.516707416463,558911,37.959182287422,596729,40.527641945124,585298,39.751290410215
1001705,基隆市,中山區,49794,19285,799037,41.433082706767,874954,45.369665543168,850131,44.082499351828,827037,42.884988332901,897298,46.528286232823,854250,44.296085040187
1001801,新竹市,東　區,203119,72345,3904374,53.968816089571,3888226,53.745607851268,3867658,53.461303476398,3928877,54.307512613173,4241476,58.628460847329,4205185,58.126822862672
1001802,新竹市,北　區,147561,52629,2065002,39.23696061107,2180645,41.434285279979,2038658,38.736400083604,2068218,39.298067605313,2235519,42.476942370176,2196346,41.732618898326
1001803,新竹市,香山區,74391,24082,1123998,46.673781247405,1115947,46.339465160701,1108886,46.046258616394,1064398,44.198903745536,1133525,47.069387924591,1161499,48.231002408438
1002001,嘉義市,東　區,124242,44770,1758046,39.268394013849,1881989,42.036832700469,1737388,38.806968952423,1751540,39.12307348671,1852591,41.380187625642,1813493,40.50687960688
1002002,嘉義市,西　區,146978,52248,2062860,39.482085438677,2213172,42.358980248048,2044760,39.135660695146,2085604,39.917393967233,2232313,42.725329199204,2169195,41.517282958199
